registered_postcode,mean_age,total_vehicles
0800,7.95,5259
0810,10.99,17940
0812,11.58,8799
0820,8.73,15677
0822,13.72,3262
0828,8.9,2074
0829,10.33,892
0830,11.26,8373
0832,9.77,9487
0834,12.83,955
0835,12.72,1672
0836,13.42,4113
0837,13.73,229
0838,12.64,427
0839,11.01,244
0840,15.75,261
0841,14.5,324
0845,15.26,218
0846,12.51,154
0850,12.55,3456
0852,12.98,589
0853,10.09,378
0854,11.24,120
0860,11.29,812
0870,12.96,10441
0872,13.69,1002
0873,15.34,915
0874,11.55,271
0875,13.67,902
0880,13.92,1177
0885,14.12,312
0886,12.07,297
2000,4.86,31705
2007,9.74,2131
2008,10.49,2324
2009,9.75,5535
2010,10.23,9567
2011,10.52,7042
2015,7.22,9428
2016,10.58,5124
2017,8.49,11185
2018,10.39,8747
2019,9.87,8541
2020,4.91,25778
2021,9.67,7118
2022,9.63,6382
2023,8.72,5871
2024,10.14,5465
2025,9.4,3850
2026,10.35,14581
2027,9.83,4533
2028,8.55,2855
2029,9.01,5532
2030,8.65,8874
2031,10.46,15618
2032,11.36,5814
2033,10.44,4793
2034,10.65,9855
2035,10.86,17853
2036,10.9,17951
2037,10.03,7412
2038,10.34,4633
2039,9.68,5183
2040,9.85,12273
2041,9.79,8345
2042,11.45,6949
2043,10.12,3689
2044,10.77,4706
2045,10.51,3884
2046,9.9,16747
2047,9.74,6971
2048,11.14,3528
2049,10.55,6064
2050,9.57,3644
2060,8.58,9488
2061,9.39,3097
2062,9.74,3954
2063,9.46,3835
2064,7.41,7533
2065,7.89,21580
2066,9.56,19484
2067,8.63,14678
2068,9.52,10116
2069,9.31,8643
2070,9.2,8615
2071,9.3,8132
2072,9.0,5103
2073,8.59,12503
2074,9.74,14478
2075,9.45,13529
2076,10.11,14916
2077,10.45,22220
2079,11.22,4875
2080,11.2,1186
2081,11.02,3332
2082,11.35,3283
2083,12.97,953
2084,11.71,2604
2085,10.42,7654
2086,10.51,9015
2087,10.88,7898
2088,9.36,17464
2089,9.69,6107
2090,9.91,7507
2092,9.72,4443
2093,10.32,13653
2094,10.41,3369
2095,10.26,8538
2096,10.44,8236
2097,10.54,9268
2099,10.77,23869
2100,10.18,14865
2101,11.19,11829
2102,10.17,5312
2103,10.46,7204
2104,11.06,2643
2105,11.91,1283
2106,10.9,6322
2107,11.08,10123
2108,11.68,1354
2110,9.7,6004
2111,9.85,9635
2112,9.89,20880
2113,7.43,21000
2114,10.18,13779
2115,10.35,7048
2116,8.45,6123
2117,10.36,12290
2118,10.02,15879
2119,9.98,7415
2120,9.97,13388
2121,9.65,18024
2122,10.48,16689
2125,9.83,10736
2126,9.57,11349
2127,8.05,13823
2128,8.59,3006
2129,7.05,119
2130,11.06,3434
2131,11.21,9928
2132,10.99,5686
2133,11.09,5960
2134,9.54,7818
2135,10.19,12222
2136,10.37,5190
2137,8.88,18457
2138,8.86,9819
2140,9.39,11149
2141,10.39,18895
2142,11.43,15821
2143,11.57,5672
2144,11.63,20462
2145,10.79,45867
2146,11.37,10317
2147,11.66,21839
2148,11.48,39430
2150,9.04,18769
2151,10.5,12330
2152,10.62,6658
2153,9.58,39599
2154,9.49,26633
2155,9.02,46144
2156,11.26,9418
2157,11.99,2670
2158,10.64,6200
2159,12.21,3556
2160,11.64,20778
2161,12.23,19219
2162,12.27,10951
2163,12.83,5901
2164,11.33,15571
2165,12.67,23517
2166,12.27,29481
2167,10.76,5397
2168,12.48,23531
2170,10.65,71301
2171,10.65,23230
2172,10.36,1549
2173,10.44,7757
2174,9.12,7770
2175,12.06,1047
2176,11.82,28685
2177,12.1,9506
2178,12.62,2247
2179,9.8,15733
2190,10.75,17296
2191,11.2,3213
2192,11.75,7771
2193,11.41,9398
2194,11.79,11938
2195,12.62,12829
2196,11.93,18785
2197,11.79,5490
2198,11.51,5376
2199,12.03,10555
2200,11.47,26510
2203,11.08,6840
2204,11.3,13188
2205,10.38,11721
2206,11.6,11067
2207,11.34,15385
2208,11.16,7843
2209,11.56,8879
2210,11.25,19006
2211,10.87,10776
2212,10.89,10185
2213,11.13,13582
2214,10.82,2804
2216,11.37,14440
2217,10.67,15449
2218,11.66,8140
2219,10.83,8275
2220,10.2,16573
2221,10.73,10471
2222,11.18,6120
2223,10.7,12124
2224,10.81,9486
2225,10.67,3356
2226,11.14,7380
2227,10.45,8878
2228,10.59,12379
2229,9.18,22556
2230,10.31,18774
2231,12.96,1472
2232,10.3,22432
2233,11.09,17887
2234,10.32,19973
2250,10.95,46633
2251,11.12,21154
2256,12.12,9098
2257,11.8,17737
2258,11.92,3449
2259,11.45,41708
2260,10.37,16146
2261,11.49,32807
2262,12.44,12630
2263,12.62,14405
2264,12.45,10408
2265,11.76,5239
2267,12.34,1950
2278,13.5,1541
2280,11.45,16748
2281,11.41,9530
2282,10.73,10793
2283,12.18,15399
2284,11.39,8261
2285,11.14,22591
2286,12.25,2873
2287,11.36,24915
2289,11.01,12222
2290,11.08,21592
2291,10.18,8594
2292,10.16,2476
2293,10.22,2502
2294,11.27,1296
2295,11.18,4659
2296,10.98,1385
2297,12.22,1225
2298,11.83,5418
2299,12.02,6989
2300,9.77,8350
2302,8.4,1019
2303,10.21,6510
2304,11.58,9789
2305,10.3,9098
2306,15.15,1494
2307,12.45,2753
2308,7.79,177
2311,14.51,552
2312,14.7,955
2315,11.29,9848
2316,11.84,4335
2317,11.65,4391
2318,11.84,9213
2319,12.98,4215
2320,10.85,25221
2321,11.0,13552
2322,11.06,16438
2323,11.64,16134
2324,12.41,15557
2325,12.53,17903
2326,13.03,4527
2327,13.37,4587
2328,11.14,1267
2329,12.87,1026
2330,11.51,12654
2333,11.54,8568
2334,11.82,2049
2335,10.84,5877
2336,11.86,1353
2337,11.67,4499
2338,13.31,742
2339,12.94,394
2340,11.55,30093
2341,15.53,778
2342,12.11,276
2343,12.96,2478
2344,13.73,371
2345,16.28,359
2346,13.19,1477
2347,13.74,885
2350,12.53,14330
2352,13.04,1499
2353,14.96,624
2354,12.2,1725
2355,14.49,376
2357,13.47,2030
2358,13.35,2006
2359,16.05,330
2360,13.02,7268
2361,15.51,403
2365,13.23,1856
2369,18.15,417
2370,14.13,3961
2371,13.99,565
2372,13.55,2456
2379,11.48,131
2380,11.61,5424
2381,13.59,613
2382,13.08,710
2386,11.12,135
2387,12.99,112
2388,11.74,1095
2390,11.58,4024
2395,16.22,336
2396,13.62,398
2397,11.63,155
2398,10.06,137
2399,13.33,248
2400,11.39,4185
2401,13.82,114
2402,13.49,841
2403,13.59,290
2404,13.24,902
2405,11.99,182
2406,12.56,331
2409,14.47,165
2410,11.73,100
2415,14.63,233
2420,13.21,2273
2421,12.69,1179
2422,13.7,3278
2423,14.68,2005
2424,17.2,309
2425,13.25,1153
2426,13.43,460
2427,11.93,2479
2428,12.31,16110
2429,14.19,5877
2430,12.55,23029
2431,12.11,3703
2439,12.6,2595
2440,14.31,12818
2441,14.66,2950
2443,12.79,5664
2444,10.98,32945
2445,10.92,5062
2446,13.18,9102
2447,13.41,4875
2448,13.19,5797
2449,15.11,1326
2450,12.0,29141
2452,12.38,8628
2453,14.61,1581
2454,14.17,4874
2455,13.53,1950
2456,12.6,10169
2460,14.03,17157
2462,14.86,1388
2463,12.91,4742
2464,11.57,4176
2465,13.48,201
2466,13.44,1001
2469,14.77,2203
2470,13.14,8180
2471,14.13,1340
2472,13.83,1054
2473,11.89,2000
2474,14.03,3397
2475,14.45,186
2476,12.68,328
2477,11.99,7641
2478,11.38,19904
2479,12.57,3704
2480,12.73,27968
2481,12.91,9343
2482,14.45,4992
2483,13.3,7318
2484,13.84,11274
2485,11.35,7646
2486,11.38,18139
2487,10.55,8141
2488,11.78,1693
2489,10.63,4028
2490,11.25,325
2500,10.77,26650
2502,13.34,6885
2505,12.4,3071
2506,13.21,4363
2508,11.25,5386
2515,11.0,6844
2516,10.6,3938
2517,11.24,7986
2518,11.96,11339
2519,11.43,10389
2525,11.07,7458
2526,11.13,11488
2527,11.14,17292
2528,12.81,13652
2529,11.05,18619
2530,11.59,21546
2533,10.74,10968
2534,10.8,3633
2535,11.05,5094
2536,12.63,12138
2537,12.65,8318
2538,12.54,1597
2539,12.45,12945
2540,12.65,29934
2541,12.22,17691
2545,13.86,732
2546,12.89,6219
2548,11.48,5313
2549,12.6,2432
2550,13.55,10292
2551,13.45,2094
2556,13.75,1521
2557,9.66,14391
2558,11.65,6326
2559,12.43,1160
2560,11.41,47363
2563,9.56,515
2564,12.3,7056
2565,10.4,19608
2566,11.32,16234
2567,10.19,25381
2568,11.0,899
2569,14.15,889
2570,10.34,41023
2571,11.49,8655
2572,11.25,3525
2573,11.8,3936
2574,12.93,3654
2575,11.65,11619
2576,10.81,9775
2577,11.72,11072
2578,11.44,1875
2579,12.82,3095
2580,12.37,18672
2581,12.2,1422
2582,12.08,7917
2583,13.17,2634
2584,13.42,349
2585,11.74,139
2586,12.77,1494
2587,13.46,1612
2588,12.09,202
2590,12.67,3894
2594,12.07,6876
2600,9.7,6240
2601,7.34,2569
2602,11.64,18966
2603,10.44,7148
2604,10.54,7551
2605,11.13,7288
2606,9.97,10021
2607,11.48,9597
2609,7.33,4026
2611,10.73,25015
2612,10.65,9188
2614,11.88,12331
2615,11.95,29407
2617,11.48,22067
2618,13.03,814
2619,10.01,5886
2620,11.45,28094
2621,11.46,4026
2622,13.45,2424
2623,13.83,290
2625,13.3,132
2626,13.22,297
2627,12.99,2912
2628,14.11,1249
2629,13.83,244
2630,13.01,5045
2631,15.09,327
2632,13.18,900
2633,15.64,160
2640,10.71,24110
2641,12.82,9359
2642,12.49,2847
2643,12.02,1572
2644,12.16,1349
2645,14.22,238
2646,12.5,3649
2647,12.5,1180
2648,14.34,987
2650,10.97,35366
2651,11.82,1215
2652,12.85,2593
2653,13.38,1222
2655,12.74,764
2656,12.67,685
2658,13.39,761
2659,13.95,535
2660,12.74,857
2663,12.86,2378
2665,13.71,1051
2666,11.95,2916
2668,14.49,246
2669,14.03,782
2671,11.73,1968
2672,12.94,708
2675,12.45,622
2680,12.27,14726
2681,12.42,972
2700,13.94,2668
2701,12.09,1434
2702,14.87,421
2703,14.52,407
2705,12.47,5684
2706,13.6,579
2707,11.11,669
2710,12.15,4932
2711,12.33,1497
2712,12.68,617
2713,12.37,1376
2714,12.91,1435
2715,12.48,543
2716,12.13,505
2717,14.01,440
2720,12.57,4503
2721,12.95,101
2722,12.83,1589
2725,13.43,178
2726,10.14,136
2727,10.97,152
2729,12.81,947
2730,14.26,679
2731,10.99,3199
2732,12.14,835
2733,13.63,289
2734,10.86,151
2735,12.73,146
2736,13.82,120
2737,12.93,328
2738,10.46,924
2739,12.75,500
2745,10.39,18897
2747,10.82,30316
2748,13.25,1219
2749,11.61,9650
2750,10.28,31176
2752,12.71,4243
2753,12.86,10410
2754,11.37,4865
2756,12.09,21202
2757,13.59,563
2758,12.99,5672
2759,11.5,15570
2760,11.76,20707
2761,11.08,20288
2762,9.1,13656
2763,10.64,18800
2765,9.42,38880
2766,11.38,9394
2767,11.64,12640
2768,9.56,15626
2769,8.28,9052
2770,12.86,31227
2773,11.07,3851
2774,11.59,8048
2775,14.6,910
2776,11.82,2698
2777,11.9,11279
2778,12.72,1570
2779,12.44,3083
2780,12.8,8024
2782,11.87,4003
2783,12.83,1740
2784,12.3,817
2785,13.16,2974
2786,14.37,753
2787,13.51,2542
2790,13.52,8813
2791,13.99,214
2792,13.68,212
2793,14.31,616
2794,12.74,5541
2795,11.62,26590
2797,13.87,199
2798,11.79,1224
2799,12.58,2368
2800,11.25,28176
2803,12.86,167
2804,13.18,1474
2805,15.06,221
2806,13.0,421
2807,15.35,249
2808,15.67,144
2809,16.7,146
2810,12.94,1599
2818,12.57,407
2820,13.0,3310
2821,11.88,2303
2822,13.76,176
2823,12.56,620
2824,12.35,979
2825,12.1,1080
2827,12.69,1811
2828,13.19,328
2829,12.23,1425
2830,10.88,25030
2831,13.07,1050
2832,12.63,1009
2833,12.47,193
2834,16.1,1081
2835,11.83,1545
2836,14.46,239
2839,12.51,364
2840,11.39,940
2842,11.42,530
2843,14.28,590
2844,12.42,646
2845,12.32,1085
2846,15.55,239
2847,14.61,1344
2848,17.47,959
2849,14.26,935
2850,12.43,10707
2852,13.7,1906
2864,11.71,443
2865,12.53,512
2866,12.02,1609
2867,13.96,267
2868,13.05,321
2869,13.73,736
2870,12.24,5948
2871,12.34,4403
2873,13.65,356
2874,12.7,210
2875,13.75,392
2876,13.35,254
2877,11.52,1598
2878,12.35,142
2879,14.54,203
2880,12.07,8585
2898,12.35,154
2900,10.42,3287
2902,12.47,9984
2903,11.92,5898
2904,11.61,8336
2905,12.17,17459
2906,11.3,10964
2911,9.15,3260
2912,10.66,4890
2913,10.44,25966
2914,9.82,19360
3000,5.58,27015
3002,6.86,5785
3003,9.97,3371
3004,9.52,6868
3006,7.64,12132
3008,8.23,7000
3011,11.36,12073
3012,11.73,17128
3013,11.16,8563
3015,11.11,10968
3016,11.23,10829
3018,11.7,8605
3019,11.94,6143
3020,12.58,27726
3021,13.33,32014
3022,13.04,2263
3023,11.21,40857
3024,10.93,22990
3025,9.26,12057
3026,9.1,5379
3027,9.77,5755
3028,11.76,18232
3029,10.81,91555
3030,10.66,75324
3031,11.47,9250
3032,10.92,17280
3033,11.47,10184
3034,11.94,7516
3036,11.48,4158
3037,11.52,31617
3038,11.83,18083
3039,9.79,10493
3040,10.72,16739
3041,9.57,10940
3042,11.03,11553
3043,7.33,23364
3044,11.58,16911
3045,6.69,281
3046,12.13,21496
3047,13.36,12058
3048,13.38,10784
3049,11.74,6377
3051,10.9,6475
3052,10.5,2610
3053,11.19,5124
3054,11.82,3986
3055,12.65,7622
3056,10.52,15109
3057,12.17,6660
3058,12.04,20887
3059,10.9,15497
3060,12.96,9099
3061,10.65,6444
3062,8.22,557
3063,14.54,402
3064,11.17,78095
3065,11.69,5040
3066,10.29,5259
3067,10.6,4495
3068,12.01,9506
3070,11.83,13627
3071,12.46,10289
3072,11.54,22211
3073,12.7,29592
3074,12.47,14463
3075,13.04,13948
3076,11.48,21516
3078,10.71,8560
3079,10.98,11578
3081,11.97,9167
3082,11.96,18578
3083,11.54,20242
3084,10.97,17139
3085,11.12,8300
3087,11.89,5384
3088,11.3,17214
3089,11.35,8135
3090,11.18,1777
3091,13.38,1196
3093,11.07,2677
3094,11.54,5632
3095,11.21,18834
3096,12.56,1180
3097,13.8,1090
3099,13.22,3048
3101,10.22,15672
3102,10.7,4399
3103,9.85,10369
3104,10.1,13926
3105,11.24,7473
3106,10.62,11755
3107,10.96,9153
3108,9.47,19229
3109,10.38,19908
3111,11.0,8763
3113,11.88,6000
3114,12.01,2815
3115,11.93,2759
3116,11.32,7612
3121,9.06,20659
3122,10.57,13550
3123,9.61,9427
3124,10.04,14696
3125,10.53,9900
3126,10.25,5385
3127,10.56,12497
3128,10.64,13508
3129,10.83,10814
3130,10.85,22077
3131,10.97,15558
3132,10.93,11012
3133,10.85,15534
3134,11.07,23920
3135,11.62,12705
3136,11.38,29657
3137,12.13,9862
3138,11.83,14022
3139,13.99,8888
3140,11.5,12351
3141,10.4,12373
3142,10.58,9483
3143,10.3,5881
3144,9.32,7841
3145,10.51,14191
3146,10.29,16320
3147,10.8,9247
3148,11.11,6233
3149,10.41,24411
3150,10.65,41290
3151,10.75,7770
3152,10.9,23192
3153,11.63,15290
3154,12.93,2856
3155,12.49,15136
3156,11.63,26513
3158,13.0,4340
3159,13.06,1666
3160,13.01,5735
3161,10.09,10008
3162,10.46,12042
3163,11.06,19297
3164,7.34,185
3165,10.78,18715
3166,11.41,16204
3167,11.79,6872
3168,10.77,13714
3169,12.31,13332
3170,7.87,21701
3171,12.85,14315
3172,12.31,15211
3173,10.94,21880
3174,13.14,24167
3175,11.08,42700
3177,13.59,7289
3178,10.79,23724
3179,11.11,4468
3180,10.89,6196
3181,10.69,10077
3182,12.11,11846
3183,11.85,8783
3184,11.29,8806
3185,10.03,8556
3186,10.12,17047
3187,10.11,11154
3188,10.84,12102
3189,10.73,6269
3190,10.85,7606
3191,10.54,7190
3192,11.01,16525
3193,10.57,14075
3194,11.09,8918
3195,10.89,25159
3196,11.16,16303
3197,11.3,8019
3198,12.24,11423
3199,11.57,36068
3200,14.82,2880
3201,11.67,15027
3202,11.03,1909
3204,10.44,20450
3205,5.42,18112
3206,10.36,6284
3207,9.45,13817
3211,15.03,890
3212,11.76,13151
3213,12.49,2610
3214,14.24,13893
3215,12.4,14387
3216,11.63,37827
3217,10.13,18318
3218,11.08,9190
3219,13.31,12235
3220,9.96,13627
3221,13.53,2386
3222,12.23,12295
3223,12.36,8260
3224,12.16,9770
3225,10.75,4627
3226,11.11,12215
3227,10.53,3709
3228,10.89,16046
3230,12.24,2501
3231,12.04,1371
3232,13.18,1167
3233,13.69,1619
3234,14.87,177
3235,12.74,332
3236,15.94,177
3237,12.83,161
3238,14.78,227
3239,14.87,308
3240,13.22,1457
3241,13.38,1984
3242,12.78,590
3243,15.16,290
3249,15.02,2011
3250,13.16,7916
3251,15.06,400
3254,15.51,230
3260,13.49,3055
3264,14.06,1526
3265,14.38,1656
3266,13.94,1974
3267,16.23,133
3268,13.78,1741
3269,14.9,408
3270,12.25,228
3271,16.83,103
3272,14.96,1041
3273,14.49,111
3274,15.34,151
3275,17.35,284
3276,15.69,247
3277,13.9,1125
3278,17.0,216
3279,13.13,182
3280,11.96,22430
3281,13.17,1146
3282,12.92,1708
3283,13.57,866
3284,12.72,2488
3285,13.89,822
3286,13.18,350
3287,15.77,266
3289,13.49,467
3293,13.08,197
3294,12.9,602
3300,13.47,6597
3301,14.68,739
3302,13.57,246
3303,13.21,147
3304,14.41,1590
3305,13.96,8475
3310,15.15,197
3311,14.68,1056
3312,13.87,446
3314,14.29,278
3315,15.48,1017
3317,11.4,105
3318,14.53,708
3319,16.05,220
3321,12.79,1075
3322,12.93,138
3324,14.94,335
3325,14.2,330
3328,12.9,1423
3329,14.79,195
3330,15.19,145
3331,12.1,4415
3332,14.84,805
3333,15.05,545
3334,15.76,354
3335,10.57,10336
3336,9.68,18495
3337,12.42,25185
3338,11.47,25763
3340,12.21,16986
3341,14.62,1159
3342,13.46,2524
3345,12.93,868
3350,11.91,43113
3351,14.23,6195
3352,13.22,12225
3355,11.68,9672
3356,13.79,9571
3357,12.08,2451
3358,11.49,3663
3360,16.19,560
3361,14.75,433
3363,13.92,2280
3364,13.99,1470
3370,15.49,1295
3371,16.9,780
3373,14.58,1685
3374,13.49,307
3375,15.52,180
3377,13.59,5287
3378,13.34,132
3379,13.94,462
3380,14.35,3867
3381,14.16,833
3384,16.22,414
3385,16.83,345
3387,15.85,234
3388,14.66,372
3390,14.55,562
3391,17.22,110
3392,14.17,412
3393,13.71,1619
3395,15.4,284
3396,14.82,454
3400,12.64,9416
3401,14.2,2700
3407,12.99,287
3409,14.98,565
3412,15.68,221
3413,12.28,118
3414,15.49,1079
3418,14.38,1704
3419,14.33,510
3420,13.71,156
3423,17.73,279
3424,14.82,547
3427,11.23,4466
3428,15.01,488
3429,11.66,26417
3430,15.36,200
3431,12.9,3007
3432,14.86,182
3433,18.0,164
3434,13.05,4010
3435,13.39,2234
3437,11.31,8245
3438,12.06,1799
3440,12.75,1412
3441,13.51,1071
3442,12.39,5908
3444,13.36,6735
3446,13.9,769
3447,15.06,289
3448,14.76,690
3450,14.64,4733
3451,14.66,3902
3453,14.69,1340
3458,13.2,1676
3460,13.57,2082
3461,13.84,3307
3462,16.06,843
3463,15.91,1915
3464,15.68,775
3465,15.21,6426
3467,14.44,853
3468,15.94,212
3469,14.61,186
3472,17.39,1095
3475,16.01,275
3477,15.38,446
3478,15.34,1668
3480,14.17,1095
3482,17.24,131
3483,12.11,543
3485,18.82,213
3490,14.23,699
3494,14.26,310
3496,14.11,3605
3498,12.68,3515
3500,12.87,21126
3501,10.71,1768
3505,14.6,2769
3507,16.44,129
3509,15.31,143
3512,16.26,220
3515,13.63,1655
3516,14.81,481
3517,14.89,971
3518,17.65,977
3520,19.17,124
3521,14.12,463
3522,15.05,217
3523,15.51,2881
3525,15.38,848
3527,14.0,495
3530,12.3,106
3531,13.54,171
3533,14.65,497
3537,13.47,623
3540,16.34,207
3542,15.99,104
3544,15.78,197
3546,12.95,241
3549,15.64,2948
3550,12.53,26937
3551,12.14,23505
3552,9.85,168
3555,13.1,13041
3556,14.12,8955
3557,16.43,569
3558,13.58,564
3559,16.35,332
3561,13.19,2764
3562,15.81,258
3563,14.89,450
3564,12.6,11743
3566,13.82,326
3567,14.56,436
3568,13.22,1994
3570,16.39,495
3571,15.18,219
3572,14.75,132
3573,14.83,233
3575,15.25,489
3579,14.21,3320
3580,14.85,739
3581,15.17,151
3583,13.34,141
3584,13.78,709
3585,12.63,7113
3586,14.51,426
3588,15.17,229
3589,16.25,224
3590,15.91,173
3591,11.24,111
3594,15.45,398
3595,15.45,344
3597,15.34,350
3599,15.37,123
3607,11.93,126
3608,13.19,2145
3610,15.76,970
3612,17.29,1284
3614,13.99,540
3616,13.46,3595
3617,16.33,112
3618,14.6,492
3620,13.47,5300
3621,15.06,1482
3622,13.92,308
3623,15.21,581
3624,14.0,324
3629,14.3,5942
3630,12.83,21251
3631,12.22,9806
3633,13.84,333
3634,14.86,1130
3635,14.53,359
3636,14.14,3454
3637,15.37,336
3638,13.18,1392
3639,15.45,383
3640,16.05,634
3641,15.27,801
3644,13.19,6536
3646,13.89,353
3649,14.41,254
3658,13.94,4174
3659,15.78,528
3660,13.09,5075
3662,9.68,363
3663,12.9,150
3664,12.71,815
3665,12.93,299
3666,13.93,3272
3669,14.48,906
3670,15.87,374
3672,13.81,7415
3673,15.05,1086
3675,14.7,1169
3677,12.98,12060
3678,13.61,4362
3682,15.38,402
3683,14.55,1259
3685,14.01,2008
3687,12.91,734
3688,13.32,905
3690,12.05,24727
3691,11.93,8422
3695,13.51,308
3697,13.68,406
3698,12.8,624
3699,14.54,707
3700,15.16,960
3701,14.6,706
3705,15.47,167
3707,14.43,1116
3709,16.67,245
3711,15.09,407
3712,14.89,280
3713,15.29,796
3714,14.31,2579
3715,16.11,221
3717,14.27,2226
3719,13.45,293
3720,13.93,584
3722,13.33,4017
3723,14.22,2161
3725,14.13,399
3726,16.29,249
3727,16.84,255
3728,14.61,403
3730,12.3,6926
3732,15.32,404
3733,11.94,156
3735,13.37,443
3737,13.82,2948
3738,14.21,156
3739,18.17,175
3740,14.51,805
3741,13.08,2194
3744,13.45,320
3746,16.01,255
3747,12.82,3208
3749,13.81,1370
3750,10.2,19189
3751,18.14,168
3752,10.73,16054
3753,10.89,4959
3754,10.22,30083
3755,13.32,195
3756,12.13,11593
3757,13.55,5896
3758,13.31,1432
3759,13.48,664
3760,16.13,276
3761,13.52,803
3762,17.26,109
3763,14.52,1120
3764,12.57,7013
3765,12.54,4229
3766,13.9,872
3767,12.42,768
3770,13.22,2051
3775,13.31,2560
3777,13.32,6938
3778,14.93,171
3779,13.69,372
3781,13.53,2715
3782,13.25,5245
3783,14.09,1589
3786,12.87,971
3787,12.29,661
3788,13.24,1239
3789,16.77,205
3791,13.41,999
3792,13.5,744
3793,13.34,2291
3795,14.77,904
3796,13.08,6080
3797,13.88,2388
3799,15.93,3730
3802,12.18,15732
3803,11.84,8176
3804,12.18,6065
3805,11.69,36408
3806,10.28,36097
3807,11.16,5074
3808,12.48,2033
3809,9.84,15278
3810,11.59,35885
3812,14.55,1631
3813,14.7,678
3814,13.21,1679
3815,13.05,2351
3816,13.57,2132
3818,12.38,11934
3820,11.9,14457
3821,13.64,1972
3822,13.94,659
3823,12.75,1495
3824,12.91,3497
3825,14.26,14003
3831,14.0,1345
3832,14.64,166
3833,16.82,286
3835,16.57,329
3840,13.56,11631
3842,13.73,3146
3844,12.11,21466
3847,13.59,1427
3850,12.51,9577
3851,13.81,3684
3854,12.91,888
3856,13.5,700
3857,14.51,270
3858,15.15,2139
3859,15.42,550
3860,14.01,4779
3862,13.78,2354
3864,13.36,160
3865,16.36,329
3869,13.53,1280
3870,15.25,927
3871,13.92,1919
3873,14.59,256
3874,15.85,392
3875,13.36,13378
3878,13.83,1016
3880,13.58,3414
3882,14.56,899
3885,15.71,1164
3886,13.35,202
3887,15.43,243
3888,14.58,2120
3889,13.05,130
3890,15.3,191
3892,15.76,737
3895,14.98,123
3896,15.48,251
3898,13.96,440
3900,17.36,106
3902,12.75,320
3903,13.07,650
3904,13.4,1391
3909,13.91,5530
3910,11.58,14538
3911,13.32,2413
3912,12.06,10079
3913,12.85,2418
3915,12.7,6625
3916,12.39,803
3918,13.08,2895
3919,13.6,2064
3920,11.87,330
3921,17.85,175
3922,12.6,7564
3923,12.93,613
3925,12.12,3251
3926,11.89,2387
3927,11.46,1359
3928,12.84,428
3929,12.32,1076
3930,10.89,12770
3931,10.69,18427
3933,13.34,763
3934,10.94,13114
3936,11.78,9578
3937,11.54,1183
3938,12.33,2537
3939,12.51,10909
3940,12.84,3203
3941,12.74,9465
3942,11.41,2381
3943,11.31,1913
3944,11.8,996
3945,13.92,652
3946,14.11,202
3950,13.59,3487
3951,15.81,712
3953,12.8,5544
3954,12.72,270
3956,13.73,2125
3957,14.89,203
3958,13.06,190
3959,13.04,890
3960,13.82,1914
3962,15.23,584
3964,14.16,101
3965,13.89,193
3966,14.55,350
3971,14.15,2773
3975,10.61,11077
3976,13.04,15280
3977,11.24,73998
3978,9.83,39689
3979,14.02,241
3980,13.02,2166
3981,12.63,3305
3984,13.19,5493
3987,14.71,977
3988,14.36,748
3991,16.84,328
3992,12.78,844
3995,13.2,8255
3996,11.16,4731
4000,6.37,25186
4001,5.53,1186
4005,10.43,10173
4006,8.72,17940
4007,10.15,11390
4008,2.44,22070
4009,6.53,5895
4010,10.58,3187
4011,9.12,12740
4012,10.66,14692
4013,11.5,3319
4014,9.88,10607
4017,12.32,22683
4018,10.59,8268
4019,13.32,13147
4020,11.68,17948
4021,13.28,5475
4022,11.92,4496
4025,19.83,151
4030,10.7,11598
4031,9.17,11249
4032,11.15,10908
4034,11.41,29708
4035,10.67,18452
4036,12.17,4236
4037,11.38,4983
4051,10.75,17762
4053,11.27,29652
4054,11.89,8445
4055,11.31,13775
4059,11.09,7192
4060,10.86,8104
4061,11.25,11127
4064,9.86,9364
4065,10.1,6080
4066,10.25,11022
4067,10.72,5260
4068,10.07,15381
4069,11.05,24026
4070,10.95,7757
4073,9.76,6193
4074,11.03,15772
4075,11.05,15630
4076,11.31,4019
4077,12.16,20940
4078,11.24,16014
4101,10.09,18761
4102,10.69,6524
4103,11.97,8481
4104,11.08,4513
4105,10.56,10113
4106,10.6,2164
4107,9.83,5868
4108,11.69,5870
4109,11.63,24416
4110,10.3,15107
4111,11.75,703
4112,10.49,5194
4113,10.61,19799
4114,14.0,15687
4115,10.78,12894
4116,10.26,17364
4117,10.67,1696
4118,12.28,19925
4119,10.12,5824
4120,11.2,6244
4121,11.19,15597
4122,10.93,29140
4123,10.68,15156
4124,12.61,17461
4125,12.79,10801
4127,11.62,19534
4128,12.02,10823
4129,11.73,5030
4130,12.93,5915
4131,12.38,7319
4132,13.3,14689
4133,12.37,17591
4151,10.68,11475
4152,10.29,29935
4153,11.65,3047
4154,10.26,7030
4155,13.0,1166
4156,11.66,2403
4157,12.76,13196
4158,13.25,2411
4159,12.19,9356
4160,11.0,12433
4161,12.97,9879
4163,11.25,11343
4164,11.14,11921
4165,11.79,25006
4169,10.27,10584
4170,10.18,17859
4171,10.2,11005
4172,8.09,5022
4173,11.01,5531
4174,11.67,2280
4178,11.5,17570
4179,11.76,12384
4183,17.65,1864
4184,17.42,7751
4205,13.04,3699
4207,12.57,46381
4208,11.58,15448
4209,10.98,46726
4210,12.08,14907
4211,12.36,42166
4212,10.47,25253
4213,12.61,20681
4214,11.71,28183
4215,10.85,40383
4216,11.81,27657
4217,11.2,31669
4218,11.39,25155
4220,11.56,23122
4221,12.15,19564
4223,12.82,10807
4224,12.51,4931
4225,12.09,7805
4226,10.61,25620
4227,10.73,15757
4228,13.35,3739
4270,15.25,2923
4271,13.75,286
4272,13.1,5459
4275,13.64,2553
4280,13.82,14854
4285,14.17,14369
4287,16.21,450
4300,10.79,42552
4301,12.27,22075
4303,15.28,2248
4304,12.92,11354
4305,13.25,38868
4306,12.4,31850
4307,15.24,980
4309,14.86,1967
4310,14.96,3707
4311,15.34,6750
4312,15.72,1750
4313,15.55,1364
4314,16.7,1930
4340,14.27,3669
4341,14.31,10498
4342,15.69,1690
4343,14.81,7740
4344,14.94,1682
4346,14.08,644
4347,15.22,899
4350,12.38,71962
4352,13.3,20129
4353,12.85,169
4354,15.2,750
4355,15.46,1591
4356,14.18,2846
4357,15.6,1571
4358,14.12,1598
4359,14.26,746
4360,12.7,354
4361,16.29,1571
4362,16.48,1485
4363,15.71,380
4364,12.62,154
4365,20.26,312
4370,14.39,11632
4371,14.16,361
4373,15.75,636
4374,16.39,260
4375,20.1,169
4376,17.76,238
4377,14.84,379
4378,15.41,322
4380,15.12,4992
4381,16.2,359
4382,15.7,318
4383,16.76,415
4385,14.91,566
4387,15.23,651
4388,14.46,238
4390,12.8,3727
4400,14.74,1319
4401,14.97,3387
4402,18.08,200
4403,16.69,405
4404,13.44,223
4405,13.93,7895
4406,14.55,731
4407,17.85,264
4408,14.41,272
4410,15.91,724
4411,16.93,164
4412,16.92,110
4413,13.5,4196
4415,15.47,1109
4416,11.54,182
4417,12.16,280
4419,15.97,438
4420,13.18,503
4421,16.93,1285
4422,12.29,214
4424,14.64,107
4425,14.86,126
4427,14.03,142
4428,13.72,291
4454,13.06,300
4455,12.7,4228
4465,13.51,565
4468,13.92,160
4470,13.15,1529
4472,13.75,678
4477,12.82,206
4478,11.34,195
4480,11.8,351
4486,12.45,382
4487,13.02,1479
4488,15.23,109
4490,14.35,566
4496,13.19,153
4497,11.27,120
4500,11.73,29982
4501,12.97,3960
4502,12.78,5144
4503,11.67,31862
4504,11.82,13357
4505,13.18,17912
4506,13.67,16566
4507,12.6,13927
4508,13.92,11292
4509,9.43,24370
4510,13.46,34843
4511,13.31,6358
4512,15.37,2350
4514,14.26,4841
4515,14.12,2795
4516,15.26,2918
4517,15.31,569
4518,14.14,3794
4519,14.03,5809
4520,12.97,9689
4521,14.21,3417
4550,13.86,3230
4551,11.31,47118
4552,14.47,6519
4553,12.2,9176
4554,15.86,1362
4555,12.65,5655
4556,11.28,31570
4557,11.33,12406
4558,10.02,18622
4559,13.51,4868
4560,13.04,24337
4561,13.85,6298
4562,13.97,6527
4563,14.26,7146
4564,11.28,7655
4565,13.83,10175
4566,11.31,6879
4567,11.71,8927
4568,15.25,2708
4569,15.45,1190
4570,14.84,30761
4571,15.33,581
4572,10.92,2656
4573,11.48,20071
4574,15.04,983
4575,10.97,18689
4580,14.83,3521
4581,17.43,1146
4600,16.08,619
4601,16.26,598
4605,14.66,2299
4606,14.7,1453
4608,14.78,521
4610,14.43,8945
4612,16.75,159
4613,16.9,478
4614,16.43,797
4615,15.84,4552
4620,14.9,229
4621,16.32,1077
4625,15.41,1428
4626,14.29,992
4627,15.69,368
4630,15.35,1246
4650,14.97,21622
4655,12.96,43747
4659,14.13,3715
4660,15.15,5319
4662,16.69,488
4670,13.46,52572
4671,16.02,3797
4673,18.33,380
4674,17.42,1025
4677,15.39,2909
4678,14.94,451
4680,12.57,33031
4695,17.48,596
4697,19.0,120
4699,16.04,225
4700,11.92,10687
4701,12.67,24747
4702,13.42,16051
4703,12.35,15056
4705,10.68,160
4707,13.12,101
4709,11.97,402
4710,12.6,3221
4711,14.62,1053
4712,11.83,181
4713,15.46,197
4714,16.3,1707
4715,13.47,3821
4716,14.58,453
4717,12.36,2215
4718,14.0,1212
4719,13.97,563
4720,12.65,7938
4721,13.44,1738
4722,12.63,811
4723,12.74,653
4724,11.35,280
4725,13.77,721
4726,14.13,149
4727,14.25,106
4728,16.22,112
4730,13.14,1478
4735,12.05,496
4737,13.61,4653
4738,14.93,679
4739,14.42,195
4740,11.97,50750
4741,14.34,3909
4742,13.09,500
4743,13.13,179
4744,11.81,4180
4745,12.36,1159
4746,11.33,611
4750,12.16,3443
4751,13.09,2524
4753,12.0,2327
4754,12.86,1190
4756,13.75,347
4757,16.85,182
4798,13.95,349
4799,15.61,712
4800,13.64,5896
4802,13.2,6587
4803,11.08,239
4804,14.62,997
4805,13.36,6194
4806,13.55,1944
4807,12.63,5708
4808,13.56,624
4809,14.1,487
4810,11.3,13712
4811,11.67,7207
4812,12.18,10743
4813,13.04,392
4814,11.45,25855
4815,12.83,11180
4816,13.71,4642
4817,11.36,17407
4818,11.55,18439
4819,16.64,2091
4820,13.74,4777
4821,12.39,624
4822,12.91,307
4823,11.05,316
4824,12.7,1109
4825,12.98,8113
4829,13.0,184
4830,15.28,277
4849,14.78,830
4850,14.16,5847
4852,12.77,2425
4854,13.22,2747
4855,14.67,442
4856,13.67,397
4858,13.33,740
4859,14.45,261
4860,12.79,5702
4861,14.14,830
4865,13.05,4607
4868,12.07,12210
4869,12.25,11056
4870,11.91,43740
4871,14.67,5042
4872,15.81,2378
4873,14.18,3825
4874,14.22,2045
4875,15.56,1118
4876,16.2,601
4877,12.7,3364
4878,11.82,9209
4879,11.12,13864
4880,14.19,7423
4881,15.06,2902
4882,12.47,1785
4883,13.42,5070
4884,13.6,1297
4885,13.49,2334
4886,14.82,541
4887,16.93,1153
4888,16.45,1654
4890,15.19,453
4891,14.87,220
4892,16.24,616
4895,16.46,1863
5000,6.88,19984
5006,12.73,4157
5007,11.74,6191
5008,14.08,9602
5009,13.48,3917
5010,12.48,4377
5011,12.93,9492
5012,13.46,7351
5013,13.45,8000
5014,13.3,9208
5015,12.82,4628
5016,13.39,5964
5017,15.17,3100
5018,13.85,4027
5019,13.64,6001
5020,13.13,2268
5021,11.81,5106
5022,12.59,11166
5023,13.42,11780
5024,13.27,10052
5025,13.26,6264
5031,12.41,7615
5032,12.84,9467
5033,11.19,7540
5034,11.65,7410
5035,12.03,4546
5037,12.28,8068
5038,12.97,11155
5039,12.58,6484
5040,12.25,1556
5041,13.43,8913
5042,12.87,7906
5043,12.75,12562
5044,11.59,8030
5045,12.05,10794
5046,12.21,6101
5047,12.74,5878
5048,12.19,10359
5049,13.53,7123
5050,14.28,4053
5051,12.98,10746
5052,14.28,4662
5061,12.44,7298
5062,12.51,11031
5063,11.58,8455
5064,11.8,7199
5065,11.95,7823
5066,11.99,8917
5067,11.45,7794
5068,12.27,8710
5069,13.0,5910
5070,12.46,10421
5072,12.16,9612
5073,12.5,11301
5074,12.63,9513
5075,13.19,7944
5076,13.11,6896
5081,11.21,6870
5082,12.97,10503
5083,12.64,5484
5084,13.51,6794
5085,11.99,16473
5086,12.14,11614
5087,12.7,8423
5088,13.27,2664
5089,13.1,4827
5090,13.61,5390
5091,14.47,5343
5092,13.34,12533
5093,13.49,6254
5094,12.65,1322
5095,11.83,14218
5096,13.6,9676
5097,13.42,9153
5098,13.51,8666
5106,9.48,430
5107,13.06,12155
5108,14.13,26178
5109,14.12,13562
5110,13.64,5933
5111,13.54,252
5112,14.78,11064
5113,15.76,11005
5114,13.42,23203
5115,13.12,9044
5116,12.93,7415
5117,13.0,4754
5118,14.17,13740
5120,12.62,3273
5121,13.33,1889
5125,11.84,13754
5126,13.92,4884
5127,12.32,5260
5131,19.08,784
5132,15.25,296
5133,15.54,298
5134,14.86,294
5136,16.3,410
5137,18.08,427
5138,16.15,204
5139,17.63,229
5140,15.32,297
5141,16.19,622
5142,16.21,398
5144,18.71,340
5151,16.39,343
5152,13.68,4770
5153,15.54,4888
5154,14.42,2538
5155,14.18,2708
5156,14.58,724
5157,15.29,2381
5158,12.92,16892
5159,12.7,24104
5160,11.21,599
5161,13.47,7322
5162,13.99,23079
5163,14.9,9654
5164,16.88,2808
5165,13.57,3873
5166,15.65,1225
5167,13.81,4251
5168,14.35,3702
5169,12.52,13100
5170,15.76,805
5171,14.26,4418
5172,15.73,2899
5173,14.5,8576
5174,15.9,2171
5201,15.68,1612
5202,16.5,717
5203,15.97,878
5204,14.87,2518
5210,15.09,1299
5211,13.73,12449
5212,15.21,1537
5213,13.92,940
5214,14.28,7454
5220,17.2,161
5221,18.38,371
5222,17.86,840
5223,15.82,2386
5231,15.13,839
5232,18.88,292
5233,16.9,1039
5234,15.33,963
5235,16.92,1757
5236,15.07,198
5237,16.6,239
5238,17.55,3355
5240,16.93,377
5241,15.33,1751
5242,15.02,1125
5243,14.54,651
5244,14.37,3138
5245,14.55,2236
5250,12.55,2568
5251,12.51,14871
5252,13.94,4368
5253,16.18,13527
5254,16.77,1942
5255,15.5,7409
5256,18.29,1216
5259,16.38,819
5260,17.91,1254
5261,18.45,239
5262,18.94,256
5263,13.27,162
5264,16.37,833
5265,13.35,208
5266,13.51,341
5267,13.65,1114
5268,15.88,2338
5269,17.92,130
5270,15.45,337
5271,15.13,4581
5272,16.31,485
5275,14.79,1419
5276,13.85,888
5277,16.38,1854
5278,17.4,346
5279,16.18,325
5280,14.97,4768
5290,14.2,16600
5291,15.68,6011
5301,16.72,390
5302,13.62,493
5303,16.64,112
5304,16.61,607
5307,16.39,335
5311,19.49,235
5320,17.72,534
5321,19.32,291
5322,18.53,617
5330,16.91,2488
5331,17.07,191
5332,17.24,282
5333,15.48,3893
5340,16.73,919
5341,16.39,5162
5342,17.67,809
5343,14.91,3314
5344,18.38,640
5345,16.64,2442
5346,17.02,260
5350,17.89,433
5351,15.57,4404
5352,14.75,4029
5353,16.48,2832
5354,23.82,345
5355,14.42,6283
5356,19.19,608
5357,16.07,312
5360,15.2,855
5371,14.61,1256
5372,13.05,1758
5373,15.38,2484
5374,17.13,1050
5381,17.63,257
5400,16.42,637
5401,16.3,522
5410,18.58,271
5411,16.85,258
5412,15.69,787
5413,16.17,572
5414,19.31,124
5415,13.56,174
5416,16.72,170
5417,17.64,950
5419,15.68,160
5422,18.35,953
5431,15.39,481
5433,17.27,751
5434,16.31,225
5440,19.26,126
5451,14.31,517
5452,16.35,303
5453,14.75,3201
5454,14.73,242
5460,17.52,518
5461,16.0,1693
5462,14.7,332
5464,16.73,307
5472,16.44,135
5473,17.18,557
5480,16.66,631
5481,20.5,403
5482,15.94,350
5483,12.57,183
5485,16.2,327
5490,16.23,142
5491,16.57,1198
5495,16.76,490
5501,15.86,6735
5502,16.01,1098
5520,18.24,379
5521,16.78,118
5522,15.12,1059
5523,14.91,1228
5540,14.88,9521
5550,15.71,621
5552,16.82,240
5554,15.16,3821
5555,18.6,378
5556,15.35,3073
5558,15.03,3930
5560,15.82,299
5570,18.71,424
5571,16.23,1333
5572,21.26,169
5573,15.47,1452
5575,15.94,1596
5576,15.82,684
5577,16.86,380
5580,15.97,224
5581,13.92,373
5582,16.57,417
5583,19.45,699
5600,16.04,4164
5602,16.0,866
5603,16.08,282
5604,13.08,159
5605,15.24,1211
5606,15.24,8809
5607,16.08,2958
5608,15.49,7275
5609,13.75,1306
5611,18.24,136
5631,15.36,594
5632,14.01,153
5633,17.93,192
5640,15.69,641
5641,15.22,558
5642,17.36,165
5650,21.22,105
5652,16.2,384
5654,18.95,148
5670,18.18,337
5671,18.77,110
5680,17.6,1392
5690,16.37,2000
5700,14.58,6243
5710,14.93,1348
5722,20.47,293
5723,17.96,953
5724,17.03,126
5725,14.2,2142
5731,15.95,111
5950,2.05,3686
6000,8.87,14593
6003,12.09,3123
6004,8.71,10312
6005,9.04,6128
6006,12.14,5975
6007,10.34,5847
6008,10.5,11821
6009,11.46,12459
6010,11.13,12962
6011,11.62,7127
6012,12.25,6321
6014,11.21,15241
6015,11.52,5311
6016,11.68,6806
6017,7.31,10295
6018,11.39,28242
6019,11.84,16327
6020,11.78,15779
6021,11.66,15868
6022,13.51,3508
6023,12.09,10830
6024,12.81,9317
6025,12.19,21889
6026,11.97,15529
6027,12.23,29444
6028,10.82,16154
6029,11.84,2050
6030,12.06,25705
6031,11.59,12042
6032,15.63,187
6033,15.2,382
6034,10.76,3443
6035,12.25,7130
6036,11.15,10830
6037,14.05,2771
6038,10.22,7366
6041,15.98,1223
6043,16.75,247
6044,16.97,952
6050,12.13,10452
6051,11.19,10038
6052,12.02,7935
6053,12.15,11471
6054,12.55,15257
6055,11.43,25483
6056,13.79,29898
6057,13.8,11448
6058,13.37,9326
6059,11.92,17076
6060,11.68,17197
6061,12.9,26902
6062,12.68,24687
6063,13.24,10468
6064,14.06,20211
6065,11.33,49857
6066,13.38,12263
6069,11.72,30909
6070,13.96,2748
6071,15.47,2572
6072,14.9,643
6073,14.77,2349
6074,16.9,751
6076,14.72,16485
6077,16.58,1509
6078,18.07,670
6081,14.85,3493
6082,15.53,2258
6083,17.1,2841
6084,15.02,6906
6090,8.52,2546
6100,10.32,13194
6101,12.08,11460
6102,11.82,11007
6103,11.65,7422
6104,11.53,12221
6105,7.51,21992
6106,6.39,4828
6107,12.45,35636
6108,13.48,15874
6109,13.1,11127
6110,12.95,30071
6111,14.59,16472
6112,12.33,47917
6121,15.33,2465
6122,12.72,14801
6123,15.69,1593
6124,16.47,797
6125,15.87,2470
6126,17.73,187
6147,13.31,10469
6148,11.99,13148
6149,11.78,13116
6150,11.39,9104
6151,11.25,12532
6152,11.32,17271
6153,10.93,16264
6154,10.9,8164
6155,11.18,37432
6156,10.98,13247
6157,11.99,9508
6158,12.25,5295
6159,12.0,2814
6160,12.54,7296
6162,13.37,7821
6163,12.87,39317
6164,11.45,45711
6165,12.54,209
6166,12.93,7805
6167,13.53,18270
6168,13.4,16486
6169,13.59,22272
6170,11.77,11291
6171,11.18,25182
6172,12.71,8165
6173,11.12,7571
6174,12.3,3751
6175,12.75,2638
6176,13.81,1443
6180,12.0,4716
6181,15.46,419
6207,16.07,1131
6208,14.33,9096
6209,16.49,1526
6210,12.85,51383
6211,13.03,6303
6213,16.77,420
6214,16.28,500
6215,16.0,3140
6218,16.16,410
6219,19.62,194
6220,14.36,3225
6221,18.0,188
6223,17.06,139
6224,14.94,800
6225,15.51,5372
6226,16.69,742
6227,14.32,548
6228,22.16,114
6229,11.84,363
6230,12.96,30425
6232,12.96,7126
6233,13.1,13650
6236,15.38,1578
6237,14.74,1773
6239,16.27,3262
6244,17.53,966
6251,18.97,248
6253,16.97,506
6254,17.8,391
6255,16.17,2978
6256,14.61,177
6258,15.19,3746
6260,14.94,860
6262,17.06,458
6271,15.42,2440
6275,17.93,944
6280,13.63,21388
6281,13.23,6516
6282,15.08,1202
6284,14.43,2081
6285,15.25,7738
6286,16.12,906
6288,15.79,424
6290,16.1,1437
6302,16.63,2616
6304,17.0,1111
6306,16.15,607
6308,15.63,1041
6309,15.83,227
6311,14.5,328
6312,15.32,2699
6313,13.83,109
6315,17.01,1172
6316,14.7,268
6317,15.71,2355
6318,16.49,290
6320,16.48,411
6321,14.06,280
6322,19.36,163
6323,18.09,691
6324,16.09,2456
6326,17.15,321
6327,15.83,210
6328,15.24,271
6330,14.96,25377
6333,14.96,4159
6335,13.49,467
6336,13.05,165
6337,14.13,291
6338,17.82,505
6341,13.06,137
6343,16.89,154
6346,16.4,426
6348,16.23,535
6350,15.32,225
6352,16.19,142
6353,16.26,496
6355,15.34,351
6359,14.58,252
6365,14.82,335
6367,15.25,216
6369,14.1,399
6370,15.03,348
6375,13.3,585
6383,14.59,590
6390,15.0,1061
6391,15.34,529
6392,15.78,300
6394,18.81,164
6395,15.12,1088
6396,15.5,234
6398,15.11,361
6401,14.73,4772
6403,16.99,170
6405,17.22,202
6407,14.59,555
6409,15.96,298
6410,17.77,681
6415,15.15,1578
6418,15.6,464
6421,15.18,102
6423,15.91,117
6426,16.26,407
6429,16.6,445
6430,13.41,12252
6432,15.31,3688
6437,11.91,138
6438,13.54,257
6440,14.62,139
6442,15.43,1241
6443,17.41,385
6445,13.92,120
6447,12.52,120
6448,17.01,204
6450,15.85,7989
6460,13.78,442
6461,14.46,330
6468,14.21,151
6472,16.17,103
6475,16.94,265
6477,15.35,163
6479,16.21,343
6485,15.64,304
6488,16.97,112
6490,18.44,156
6501,14.62,661
6502,15.57,910
6503,15.84,1763
6505,11.89,112
6507,14.43,357
6510,15.12,1109
6511,17.21,371
6513,12.92,106
6514,17.48,463
6515,17.57,202
6516,15.05,1462
6517,13.12,269
6518,16.43,136
6519,16.32,319
6521,14.36,206
6522,14.58,270
6525,14.37,2193
6528,14.36,299
6530,13.61,19815
6532,13.35,4358
6535,14.74,842
6536,15.14,911
6537,18.64,475
6556,16.88,1557
6558,15.64,593
6560,15.48,1000
6562,15.19,888
6564,16.87,275
6566,16.59,2567
6567,18.19,210
6568,14.65,141
6569,13.89,197
6575,19.45,120
6603,15.12,634
6606,15.44,130
6609,14.61,522
6612,17.66,114
6620,14.45,154
6623,13.56,320
6630,15.58,284
6638,16.68,250
6642,15.98,282
6646,14.8,111
6701,15.5,2485
6707,16.55,1652
6710,14.55,404
6713,15.47,711
6714,12.64,8995
6716,12.14,272
6718,13.13,351
6720,13.73,1182
6721,12.6,2291
6722,13.03,5260
6725,14.65,5565
6726,14.16,2208
6728,14.68,1334
6740,16.54,268
6743,13.43,2485
6751,13.13,1319
6753,13.41,1997
6754,13.36,624
6760,28.86,159
6765,12.54,359
6770,15.38,421
6966,4.42,146
6979,5.04,3135
7000,8.26,17182
7004,12.91,4621
7005,12.71,8627
7007,12.77,2172
7008,12.56,8222
7009,13.53,8884
7010,14.16,11224
7011,14.25,9621
7012,17.12,595
7015,12.44,7129
7016,15.77,1489
7017,13.74,4232
7018,12.71,14894
7019,13.71,4826
7020,14.76,1769
7021,13.76,1626
7022,14.73,635
7023,13.88,293
7024,13.95,323
7025,14.6,1279
7026,16.44,691
7027,18.09,230
7030,15.43,11435
7050,12.77,9654
7052,12.91,4853
7053,13.59,2334
7054,14.21,5848
7055,13.08,364
7109,15.17,6152
7112,15.52,2334
7113,16.21,808
7116,15.65,1537
7117,16.63,546
7120,16.43,1187
7140,15.93,7042
7150,15.74,2199
7155,15.11,628
7162,14.6,451
7163,13.33,288
7170,9.05,6575
7171,13.35,2372
7172,14.11,2993
7173,15.58,4890
7174,16.59,124
7175,17.98,143
7176,16.82,117
7177,15.54,321
7178,16.41,264
7179,15.75,293
7180,17.28,150
7182,16.78,195
7184,17.09,588
7186,15.75,153
7187,17.2,105
7190,15.26,2284
7209,16.26,265
7210,14.23,668
7211,14.42,150
7212,8.64,2549
7213,15.39,160
7214,17.49,482
7215,16.17,2637
7216,16.18,2397
7248,14.62,9527
7249,13.1,8674
7250,12.82,33086
7252,14.44,2139
7253,15.6,3212
7254,18.81,345
7255,17.75,686
7256,17.65,887
7258,13.6,612
7259,17.86,276
7260,15.0,2009
7261,18.27,154
7262,14.98,1171
7263,16.56,369
7264,17.07,400
7265,16.56,146
7267,16.41,492
7268,15.15,640
7270,15.8,2940
7275,15.01,2232
7276,14.52,430
7277,13.0,4504
7290,12.75,1475
7291,14.41,469
7292,16.4,367
7300,13.25,2459
7301,14.21,3053
7302,15.14,1048
7303,16.17,2078
7304,15.51,3911
7305,17.35,742
7306,15.82,2640
7307,13.47,7604
7310,13.92,18439
7315,13.82,9962
7316,13.69,4094
7320,13.79,10419
7321,14.89,3111
7322,13.63,2530
7325,14.45,5628
7330,14.56,3703
7331,13.0,318
7467,16.71,948
7468,13.74,380
7469,17.22,445
7470,16.53,356
UNKN,10.93,3123
