registered_postcode,mean_age,total_vehicles,lon,lat
0800,7.95,5259,130.8451,-12.4614
0810,10.99,17940,130.8782,-12.3691
0812,11.58,8799,130.9143,-12.3736
0820,8.73,15677,130.8685,-12.4237
0822,13.72,3262,132.8975,-13.0968
0828,8.9,2074,130.9393,-12.4271
0829,10.33,892,131.0024,-12.4487
0830,11.26,8373,131.0492,-12.37
0832,9.77,9487,130.9969,-12.5135
0834,12.83,955,131.0235,-12.5426
0835,12.72,1672,131.0613,-12.4713
0836,13.42,4113,131.1303,-12.5612
0837,13.73,229,131.1808,-12.8112
0838,12.64,427,131.0057,-12.7199
0839,11.01,244,131.0427,-12.5232
0840,15.75,261,130.4431,-12.7318
0841,14.5,324,130.9699,-12.8193
0845,15.26,218,131.0569,-13.0928
0846,12.51,154,131.1556,-13.1675
0850,12.55,3456,132.2702,-14.4415
0852,12.98,589,132.8035,-16.8269
0853,10.09,378,132.3781,-14.5314
0854,11.24,120,136.3109,-16.0701
0860,11.29,812,134.1873,-19.6556
0870,12.96,10441,133.8774,-23.692
0872,13.69,1002,131.2462,-23.6777
0873,15.34,915,133.8558,-23.7753
0874,11.55,271,133.8885,-23.671
0875,13.67,902,133.8316,-23.6958
0880,13.92,1177,136.7681,-12.1986
0885,14.12,312,136.4195,-13.851
0886,12.07,297,132.8364,-12.6685
2000,4.86,31705,151.2071,-33.8742
2007,9.74,2131,151.1977,-33.8801
2008,10.49,2324,151.1968,-33.8883
2009,9.75,5535,151.1958,-33.8729
2010,10.23,9567,151.2162,-33.883
2011,10.52,7042,151.2225,-33.8723
2015,7.22,9428,151.1916,-33.9076
2016,10.58,5124,151.2072,-33.8933
2017,8.49,11185,151.2075,-33.9033
2018,10.39,8747,151.2075,-33.9225
2019,9.87,8541,151.2086,-33.9518
2020,4.91,25778,151.1822,-33.9366
2021,9.67,7118,151.229,-33.8934
2022,9.63,6382,151.2498,-33.896
2023,8.72,5871,151.2557,-33.8813
2024,10.14,5465,151.2633,-33.9036
2025,9.4,3850,151.2444,-33.8864
2026,10.35,14581,151.271,-33.89
2027,9.83,4533,151.2367,-33.8773
2028,8.55,2855,151.2452,-33.8775
2029,9.01,5532,151.266,-33.8738
2030,8.65,8874,151.2773,-33.8753
2031,10.46,15618,151.2466,-33.9159
2032,11.36,5814,151.2293,-33.9257
2033,10.44,4793,151.2225,-33.9138
2034,10.65,9855,151.2573,-33.9284
2035,10.86,17853,151.2349,-33.9403
2036,10.9,17951,151.2395,-33.9674
2037,10.03,7412,151.1855,-33.8786
2038,10.34,4633,151.1712,-33.8807
2039,9.68,5183,151.1713,-33.8643
2040,9.85,12273,151.1583,-33.8773
2041,9.79,8345,151.1817,-33.8575
2042,11.45,6949,151.177,-33.8997
2043,10.12,3689,151.1828,-33.9036
2044,10.77,4706,151.1697,-33.9205
2045,10.51,3884,151.1407,-33.8782
2046,9.9,16747,151.1312,-33.8644
2047,9.74,6971,151.1523,-33.8528
2048,11.14,3528,151.1663,-33.8929
2049,10.55,6064,151.1527,-33.8942
2050,9.57,3644,151.1816,-33.8881
2060,8.58,9488,151.2075,-33.8376
2061,9.39,3097,151.2156,-33.848
2062,9.74,3954,151.2153,-33.8231
2063,9.46,3835,151.2139,-33.813
2064,7.41,7533,151.1859,-33.8093
2065,7.89,21580,151.195,-33.8237
2066,9.56,19484,151.1627,-33.8158
2067,8.63,14678,151.1777,-33.7965
2068,9.52,10116,151.2045,-33.8012
2069,9.31,8643,151.1932,-33.7823
2070,9.2,8615,151.172,-33.7772
2071,9.3,8132,151.1673,-33.7638
2072,9.0,5103,151.1573,-33.7552
2073,8.59,12503,151.1401,-33.7539
2074,9.74,14478,151.1354,-33.718
2075,9.45,13529,151.1721,-33.7237
2076,10.11,14916,151.1164,-33.7153
2077,10.45,22220,151.1025,-33.6795
2079,11.22,4875,151.1304,-33.6653
2080,11.2,1186,151.1348,-33.6384
2081,11.02,3332,151.1667,-33.5772
2082,11.35,3283,151.1337,-33.6044
2083,12.97,953,151.2069,-33.5824
2084,11.71,2604,151.2282,-33.6462
2085,10.42,7654,151.2106,-33.7259
2086,10.51,9015,151.223,-33.7491
2087,10.88,7898,151.2148,-33.7646
2088,9.36,17464,151.2425,-33.8309
2089,9.69,6107,151.2185,-33.8355
2090,9.91,7507,151.2254,-33.8286
2092,9.72,4443,151.2417,-33.786
2093,10.32,13653,151.259,-33.7903
2094,10.41,3369,151.2735,-33.7952
2095,10.26,8538,151.2805,-33.7901
2096,10.44,8236,151.2884,-33.7743
2097,10.54,9268,151.289,-33.7315
2099,10.77,23869,151.2645,-33.7375
2100,10.18,14865,151.2573,-33.7653
2101,11.19,11829,151.2633,-33.6942
2102,10.17,5312,151.2958,-33.6891
2103,10.46,7204,151.3038,-33.6759
2104,11.06,2643,151.289,-33.6637
2105,11.91,1283,151.2782,-33.6571
2106,10.9,6322,151.3159,-33.6555
2107,11.08,10123,151.3262,-33.6326
2108,11.68,1354,151.3264,-33.6092
2110,9.7,6004,151.1364,-33.8221
2111,9.85,9635,151.1286,-33.8267
2112,9.89,20880,151.1092,-33.8107
2113,7.43,21000,151.1303,-33.7889
2114,10.18,13779,151.0791,-33.808
2115,10.35,7048,151.0588,-33.8117
2116,8.45,6123,151.0403,-33.8134
2117,10.36,12290,151.0421,-33.7972
2118,10.02,15879,151.0483,-33.7754
2119,9.98,7415,151.0655,-33.7529
2120,9.97,13388,151.0762,-33.7267
2121,9.65,18024,151.0838,-33.7682
2122,10.48,16689,151.0955,-33.7823
2125,9.83,10736,151.0341,-33.7473
2126,9.57,11349,151.0468,-33.7218
2127,8.05,13823,151.0639,-33.8416
2128,8.59,3006,151.0428,-33.8341
2130,11.06,3434,151.139,-33.8931
2131,11.21,9928,151.1275,-33.89
2132,10.99,5686,151.1157,-33.8807
2133,11.09,5960,151.1049,-33.8975
2134,9.54,7818,151.1038,-33.8778
2135,10.19,12222,151.0802,-33.8757
2136,10.37,5190,151.0863,-33.8932
2137,8.88,18457,151.0996,-33.8574
2138,8.86,9819,151.0877,-33.845
2140,9.39,11149,151.0753,-33.8599
2141,10.39,18895,151.0464,-33.8676
2142,11.43,15821,151.0172,-33.8367
2143,11.57,5672,151.0249,-33.8871
2144,11.63,20462,151.0276,-33.8572
2145,10.79,45867,150.9579,-33.8134
2146,11.37,10317,150.9521,-33.7885
2147,11.66,21839,150.9377,-33.767
2148,11.48,39430,150.8994,-33.7871
2150,9.04,18769,151.007,-33.8133
2151,10.5,12330,151.0141,-33.7835
2152,10.62,6658,150.9922,-33.7846
2153,9.58,39599,150.9738,-33.7531
2154,9.49,26633,150.999,-33.7258
2155,9.02,46144,150.9364,-33.6932
2156,11.26,9418,150.9723,-33.6524
2157,11.99,2670,151.0331,-33.54
2158,10.64,6200,151.0382,-33.6741
2159,12.21,3556,151.0805,-33.5872
2160,11.64,20778,150.9851,-33.8376
2161,12.23,19219,150.9829,-33.8565
2162,12.27,10951,151.0015,-33.8818
2163,12.83,5901,150.9769,-33.8888
2164,11.33,15571,150.9184,-33.8429
2165,12.67,23517,150.9485,-33.8688
2166,12.27,29481,150.9365,-33.8931
2167,10.76,5397,150.8969,-33.9715
2168,12.48,23531,150.8669,-33.912
2170,10.65,71301,150.9169,-33.9335
2171,10.65,23230,150.8434,-33.9164
2172,10.36,1549,150.9803,-33.9639
2173,10.44,7757,150.9184,-34.0625
2174,9.12,7770,150.8546,-33.9638
2175,12.06,1047,150.8462,-33.8395
2176,11.82,28685,150.8839,-33.8694
2177,12.1,9506,150.8794,-33.8934
2178,12.62,2247,150.7994,-33.872
2179,9.8,15733,150.8045,-33.9552
2190,10.75,17296,151.0565,-33.9005
2191,11.2,3213,151.0867,-33.9061
2192,11.75,7771,151.0885,-33.9194
2193,11.41,9398,151.1193,-33.9097
2194,11.79,11938,151.1009,-33.9132
2195,12.62,12829,151.0758,-33.9166
2196,11.93,18785,151.062,-33.9298
2197,11.79,5490,150.9978,-33.8999
2198,11.51,5376,150.9875,-33.9098
2199,12.03,10555,151.0211,-33.9029
2200,11.47,26510,151.0152,-33.922
2203,11.08,6840,151.1385,-33.9041
2204,11.3,13188,151.1559,-33.9113
2205,10.38,11721,151.147,-33.9368
2206,11.6,11067,151.1258,-33.9255
2207,11.34,15385,151.1199,-33.9486
2208,11.16,7843,151.0978,-33.9397
2209,11.56,8879,151.0785,-33.9471
2210,11.25,19006,151.0584,-33.9553
2211,10.87,10776,151.0311,-33.9464
2212,10.89,10185,151.0137,-33.9483
2213,11.13,13582,150.9994,-33.9638
2214,10.82,2804,150.9864,-33.9404
2216,11.37,14440,151.149,-33.9528
2217,10.67,15449,151.1365,-33.973
2218,11.66,8140,151.117,-33.97
2219,10.83,8275,151.1376,-33.9929
2220,10.2,16573,151.0973,-33.9657
2221,10.73,10471,151.1086,-33.9813
2222,11.18,6120,151.0822,-33.964
2223,10.7,12124,151.0748,-33.9736
2224,10.81,9486,151.1029,-34.0189
2225,10.67,3356,151.0747,-34.0109
2226,11.14,7380,151.0654,-34.0135
2227,10.45,8878,151.0886,-34.0399
2228,10.59,12379,151.104,-34.034
2229,9.18,22556,151.1242,-34.037
2230,10.31,18774,151.1451,-34.0445
2231,12.96,1472,151.1984,-34.027
2232,10.3,22432,151.0675,-34.1026
2233,11.09,17887,150.9943,-34.0895
2234,10.32,19973,151.005,-34.0185
2250,10.95,46633,151.2147,-33.3202
2251,11.12,21154,151.4023,-33.4755
2256,12.12,9098,151.2727,-33.5073
2257,11.8,17737,151.3913,-33.5141
2258,11.92,3449,151.3399,-33.3187
2259,11.45,41708,151.3815,-33.1878
2260,10.37,16146,151.4394,-33.427
2261,11.49,32807,151.4401,-33.365
2262,12.44,12630,151.527,-33.2028
2263,12.62,14405,151.5033,-33.2383
2264,12.45,10408,151.4676,-33.11
2265,11.76,5239,151.4291,-33.0487
2267,12.34,1950,151.5671,-33.0615
2278,13.5,1541,151.5511,-32.9462
2280,11.45,16748,151.6685,-33.0261
2281,11.41,9530,151.6269,-33.1309
2282,10.73,10793,151.6515,-32.979
2283,12.18,15399,151.5601,-33.0151
2284,11.39,8261,151.6111,-32.9547
2285,11.14,22591,151.6327,-32.9211
2286,12.25,2873,151.5679,-32.8968
2287,11.36,24915,151.6549,-32.8919
2289,11.01,12222,151.7083,-32.946
2290,11.08,21592,151.6987,-32.9818
2291,10.18,8594,151.7446,-32.9471
2292,10.16,2476,151.7323,-32.9219
2293,10.22,2502,151.7568,-32.9166
2294,11.27,1296,151.761,-32.9042
2295,11.18,4659,151.8167,-32.8651
2296,10.98,1385,151.7461,-32.9135
2297,12.22,1225,151.7506,-32.9078
2298,11.83,5418,151.7204,-32.9034
2299,12.02,6989,151.7031,-32.9087
2300,9.77,8350,151.7628,-32.9334
2302,8.4,1019,151.7587,-32.9272
2303,10.21,6510,151.7473,-32.9281
2304,11.58,9789,151.7415,-32.8759
2305,10.3,9098,151.7002,-32.9259
2306,15.15,1494,151.6815,-32.9973
2307,12.45,2753,151.6937,-32.8749
2308,7.79,177,151.7054,-32.8912
2311,14.51,552,151.4753,-32.2686
2312,14.7,955,152.3906,-32.1284
2315,11.29,9848,152.1464,-32.7362
2316,11.84,4335,152.0418,-32.7708
2317,11.65,4391,152.095,-32.736
2318,11.84,9213,151.8672,-32.7614
2319,12.98,4215,152.0031,-32.7423
2320,10.85,25221,151.5438,-32.6879
2321,11.0,13552,151.8107,-32.5602
2322,11.06,16438,151.6527,-32.8217
2323,11.64,16134,151.5088,-32.8871
2324,12.41,15557,151.9198,-32.6563
2325,12.53,17903,151.1465,-32.9554
2326,13.03,4527,151.4545,-32.7849
2327,13.37,4587,151.4815,-32.8289
2328,11.14,1267,150.5088,-32.5634
2329,12.87,1026,150.1811,-32.0583
2330,11.51,12654,150.9128,-32.659
2333,11.54,8568,150.684,-32.3505
2334,11.82,2049,151.3865,-32.6913
2335,10.84,5877,151.3732,-32.6175
2336,11.86,1353,151.0655,-32.1407
2337,11.67,4499,151.0815,-31.9035
2338,13.31,742,150.9848,-31.702
2339,12.94,394,150.5235,-31.7365
2340,11.55,30093,150.9819,-31.2434
2341,15.53,778,150.6267,-31.3524
2342,12.11,276,150.5974,-31.1856
2343,12.96,2478,150.3814,-31.5228
2344,13.73,371,150.7491,-31.1483
2345,16.28,359,150.8399,-30.8997
2346,13.19,1477,150.7603,-30.6883
2347,13.74,885,150.5605,-30.3191
2350,12.53,14330,151.9019,-30.465
2352,13.04,1499,151.159,-31.09
2353,14.96,624,151.0486,-30.9482
2354,12.2,1725,151.7337,-31.1493
2355,14.49,376,151.1158,-30.7478
2357,13.47,2030,149.3606,-31.2122
2358,13.35,2006,151.3717,-30.5837
2359,16.05,330,151.0127,-30.1785
2360,13.02,7268,151.108,-29.6528
2361,15.51,403,151.1615,-29.2166
2365,13.23,1856,151.5866,-30.1066
2369,18.15,417,151.2359,-29.9499
2370,14.13,3961,151.9705,-29.6851
2371,13.99,565,151.6843,-29.3739
2372,13.55,2456,152.0266,-29.0271
2379,11.48,131,149.7923,-31.1051
2380,11.61,5424,150.1864,-30.9274
2381,13.59,613,150.0701,-31.323
2382,13.08,710,150.0968,-30.6603
2386,11.12,135,148.9344,-30.0592
2387,12.99,112,148.9446,-29.7538
2388,11.74,1095,149.2782,-30.4369
2390,11.58,4024,149.9135,-30.2437
2395,16.22,336,149.4809,-31.5598
2396,13.62,398,149.026,-30.9059
2397,11.63,155,149.6501,-29.8853
2398,10.06,137,149.8212,-29.7322
2399,13.33,248,150.1596,-29.4621
2400,11.39,4185,149.6759,-29.3764
2401,13.82,114,150.3209,-29.63
2402,13.49,841,150.5524,-29.4124
2403,13.59,290,150.7694,-29.6229
2404,13.24,902,150.5717,-29.9191
2405,11.99,182,149.624,-28.9055
2406,12.56,331,149.0181,-28.9825
2409,14.47,165,150.2466,-28.7128
2410,11.73,100,150.7765,-28.9434
2415,14.63,233,151.8282,-32.245
2420,13.21,2273,151.6868,-32.3278
2421,12.69,1179,151.5502,-32.5385
2422,13.7,3278,151.8182,-31.9297
2423,14.68,2005,152.2592,-32.3724
2424,17.2,309,152.0084,-31.6571
2425,13.25,1153,152.0065,-32.4494
2426,13.43,460,152.5846,-31.8235
2427,11.93,2479,152.6793,-31.8584
2428,12.31,16110,152.4787,-32.2528
2429,14.19,5877,152.2695,-31.7989
2430,12.55,23029,152.4837,-31.8986
2431,12.11,3703,153.0471,-30.917
2439,12.6,2595,152.6523,-31.6116
2440,14.31,12818,152.5693,-30.9196
2441,14.66,2950,152.6906,-31.2369
2443,12.79,5664,152.6984,-31.7314
2444,10.98,32945,152.8788,-31.3867
2445,10.92,5062,152.8119,-31.5782
2446,13.18,9102,152.4356,-31.3882
2447,13.41,4875,152.7827,-30.7274
2448,13.19,5797,152.9648,-30.5986
2449,15.11,1326,152.7159,-30.6099
2450,12.0,29141,152.9967,-30.2024
2452,12.38,8628,153.0878,-30.3579
2453,14.61,1581,152.5442,-30.251
2454,14.17,4874,152.735,-30.4587
2455,13.53,1950,152.9937,-30.5167
2456,12.6,10169,153.1541,-30.0702
2460,14.03,17157,152.7435,-29.6439
2462,14.86,1388,153.1237,-29.6787
2463,12.91,4742,153.2214,-29.5068
2464,11.57,4176,153.3303,-29.4889
2465,13.48,201,153.2494,-29.4111
2466,13.44,1001,153.3575,-29.388
2469,14.77,2203,152.7384,-28.9716
2470,13.14,8180,152.9618,-28.8782
2471,14.13,1340,153.2073,-29.0241
2472,13.83,1054,153.3275,-29.1488
2473,11.89,2000,153.4178,-29.1111
2474,14.03,3397,152.9172,-28.5009
2475,14.45,186,152.433,-28.5279
2476,12.68,328,152.443,-28.4188
2477,11.99,7641,153.4371,-28.8896
2478,11.38,19904,153.5332,-28.8484
2479,12.57,3704,153.5115,-28.7076
2480,12.73,27968,153.2618,-28.726
2481,12.91,9343,153.5604,-28.6466
2482,14.45,4992,153.4273,-28.5469
2483,13.3,7318,153.4953,-28.4684
2484,13.84,11274,153.3085,-28.3766
2485,11.35,7646,153.5139,-28.1812
2486,11.38,18139,153.4732,-28.2152
2487,10.55,8141,153.5444,-28.2784
2488,11.78,1693,153.5586,-28.3332
2489,10.63,4028,153.5584,-28.3848
2490,11.25,325,153.4748,-28.2667
2500,10.77,26650,150.8742,-34.4198
2502,13.34,6885,150.8758,-34.4916
2505,12.4,3071,150.8939,-34.4707
2506,13.21,4363,150.8435,-34.483
2508,11.25,5386,150.9527,-34.1906
2515,11.0,6844,150.9342,-34.295
2516,10.6,3938,150.9018,-34.3287
2517,11.24,7986,150.9026,-34.3501
2518,11.96,11339,150.8941,-34.3726
2519,11.43,10389,150.882,-34.3901
2525,11.07,7458,150.8469,-34.4291
2526,11.13,11488,150.7892,-34.4074
2527,11.14,17292,150.7502,-34.5826
2528,12.81,13652,150.8555,-34.5524
2529,11.05,18619,150.8395,-34.6014
2530,11.59,21546,150.7621,-34.5122
2533,10.74,10968,150.787,-34.661
2534,10.8,3633,150.7867,-34.7374
2535,11.05,5094,150.6838,-34.7611
2536,12.63,12138,150.1074,-35.6684
2537,12.65,8318,149.9153,-35.913
2538,12.54,1597,150.2931,-35.4191
2539,12.45,12945,150.3953,-35.3704
2540,12.65,29934,150.4886,-34.9808
2541,12.22,17691,150.5964,-34.875
2545,13.86,732,149.8347,-36.1098
2546,12.89,6219,150.0065,-36.3219
2548,11.48,5313,149.8848,-36.8345
2549,12.6,2432,149.812,-36.9641
2550,13.55,10292,149.6853,-36.7333
2551,13.45,2094,149.8432,-37.2393
2556,13.75,1521,150.7251,-33.9463
2557,9.66,14391,150.7727,-33.9739
2558,11.65,6326,150.8068,-34.0342
2559,12.43,1160,150.7972,-34.0496
2560,11.41,47363,150.8175,-34.2227
2563,9.56,515,150.7571,-34.0977
2564,12.3,7056,150.899,-33.9908
2565,10.4,19608,150.8521,-33.9907
2566,11.32,16234,150.8396,-34.0223
2567,10.19,25381,150.7518,-34.0479
2568,11.0,899,150.7249,-34.1362
2569,14.15,889,150.714,-34.1864
2570,10.34,41023,150.5886,-34.0524
2571,11.49,8655,150.6589,-34.2165
2572,11.25,3525,150.5134,-34.1907
2573,11.8,3936,150.5913,-34.2309
2574,12.93,3654,150.6548,-34.3915
2575,11.65,11619,150.3627,-34.3633
2576,10.81,9775,150.5091,-34.5207
2577,11.72,11072,150.373,-34.6075
2578,11.44,1875,150.299,-34.6653
2579,12.82,3095,150.0902,-34.6678
2580,12.37,18672,149.7726,-34.7037
2581,12.2,1422,149.2701,-34.7572
2582,12.08,7917,148.8042,-34.9183
2583,13.17,2634,149.3125,-34.263
2584,13.42,349,148.6596,-34.6724
2585,11.74,139,148.5609,-34.6071
2586,12.77,1494,148.7877,-34.3272
2587,13.46,1612,148.3314,-34.5697
2588,12.09,202,148.1165,-34.5126
2590,12.67,3894,147.9554,-34.6924
2594,12.07,6876,148.1404,-34.2587
2600,9.7,6240,149.1151,-35.3081
2601,7.34,2569,149.1014,-35.2827
2602,11.64,18966,149.1399,-35.2486
2603,10.44,7148,149.1294,-35.3314
2604,10.54,7551,149.1512,-35.3366
2605,11.13,7288,149.092,-35.3345
2606,9.97,10021,149.089,-35.3513
2607,11.48,9597,149.0988,-35.3695
2609,7.33,4026,149.1944,-35.2975
2611,10.73,25015,148.7749,-35.4006
2612,10.65,9188,149.1485,-35.2857
2614,11.88,12331,149.0616,-35.2515
2615,11.95,29407,149.0209,-35.2149
2617,11.48,22067,149.081,-35.2169
2618,13.03,814,149.0463,-35.1229
2619,10.01,5886,149.2002,-35.3826
2620,11.45,28094,149.1456,-35.5148
2621,11.46,4026,149.4441,-35.3461
2622,13.45,2424,149.8523,-35.4225
2623,13.83,290,149.4274,-35.5822
2625,13.3,132,148.3095,-36.502
2626,13.22,297,149.1676,-35.9193
2627,12.99,2912,148.4218,-36.5694
2628,14.11,1249,148.7151,-36.5619
2629,13.83,244,148.6487,-35.8943
2630,13.01,5045,149.1556,-36.2371
2631,15.09,327,149.3395,-36.5575
2632,13.18,900,149.2315,-36.9544
2633,15.64,160,148.8519,-36.9471
2640,10.71,24110,146.9049,-35.988
2641,12.82,9359,146.927,-36.0301
2642,12.49,2847,146.6796,-35.6866
2643,12.02,1572,146.6247,-35.9569
2644,12.16,1349,147.4196,-35.7521
2645,14.22,238,146.2518,-35.3156
2646,12.5,3649,146.2453,-35.7252
2647,12.5,1180,146.0523,-35.9241
2648,14.34,987,142.0659,-33.4177
2650,10.97,35366,147.3876,-35.1807
2651,11.82,1215,147.4649,-35.1476
2652,12.85,2593,145.7497,-33.9267
2653,13.38,1222,148.0377,-35.7933
2655,12.74,764,147.0709,-35.2622
2656,12.67,685,146.7531,-35.2618
2658,13.39,761,146.94,-35.5027
2659,13.95,535,146.8601,-35.7057
2660,12.74,857,147.054,-35.6695
2663,12.86,2378,147.7122,-34.8859
2665,13.71,1051,146.8009,-34.2776
2666,11.95,2916,147.5894,-34.4299
2668,14.49,246,147.419,-34.1063
2669,14.03,782,146.6115,-33.7057
2671,11.73,1968,147.2002,-33.7983
2672,12.94,708,146.3284,-33.3788
2675,12.45,622,145.5019,-33.267
2680,12.27,14726,145.9223,-34.348
2681,12.42,972,146.1743,-34.159
2700,13.94,2668,146.4075,-34.8386
2701,12.09,1434,147.202,-34.702
2702,14.87,421,147.0189,-34.8101
2703,14.52,407,146.3988,-34.625
2705,12.47,5684,146.3119,-34.4945
2706,13.6,579,145.8652,-34.5951
2707,11.11,669,145.8347,-34.8069
2710,12.15,4932,144.919,-35.2821
2711,12.33,1497,144.5976,-34.1557
2712,12.68,617,145.8294,-35.7091
2713,12.37,1376,145.4989,-35.5795
2714,12.91,1435,145.4243,-35.7555
2715,12.48,543,143.3018,-33.9656
2716,12.13,505,145.7159,-35.1521
2717,14.01,440,142.0947,-34.0888
2720,12.57,4503,148.374,-35.441
2721,12.95,101,147.6947,-34.0156
2722,12.83,1589,148.1187,-34.9907
2725,13.43,178,147.8615,-34.4646
2726,10.14,136,148.3339,-34.7938
2727,10.97,152,148.4404,-35.0416
2729,12.81,947,147.9611,-35.2836
2730,14.26,679,148.0754,-35.5475
2731,10.99,3199,144.6559,-35.8951
2732,12.14,835,144.1844,-35.4815
2733,13.63,289,144.1583,-35.0398
2734,10.86,151,143.7382,-35.1406
2735,12.73,146,143.4933,-35.1567
2736,13.82,120,143.3824,-34.9807
2737,12.93,328,142.8779,-34.3551
2738,10.46,924,142.5142,-34.2389
2739,12.75,500,142.1461,-34.152
2745,10.39,18897,150.6677,-33.8616
2747,10.82,30316,150.7521,-33.7301
2748,13.25,1219,150.7328,-33.8085
2749,11.61,9650,150.6886,-33.6937
2750,10.28,31176,150.6788,-33.752
2752,12.71,4243,150.593,-33.9243
2753,12.86,10410,150.6948,-33.6179
2754,11.37,4865,150.7253,-33.5539
2756,12.09,21202,150.7636,-33.3016
2757,13.59,563,150.7017,-33.5495
2758,12.99,5672,150.622,-33.4855
2759,11.5,15570,150.7926,-33.8057
2760,11.76,20707,150.781,-33.7616
2761,11.08,20288,150.8484,-33.7388
2762,9.1,13656,150.8756,-33.7007
2763,10.64,18800,150.8889,-33.7297
2765,9.42,38880,150.8562,-33.6542
2766,11.38,9394,150.8417,-33.795
2767,11.64,12640,150.8706,-33.7653
2768,9.56,15626,150.9307,-33.7339
2769,8.28,9052,150.9065,-33.7089
2770,12.86,31227,150.8091,-33.7482
2773,11.07,3851,150.6266,-33.7655
2774,11.59,8048,150.6184,-33.7335
2775,14.6,910,150.9953,-33.2812
2776,11.82,2698,150.5479,-33.6875
2777,11.9,11279,150.6075,-33.6913
2778,12.72,1570,150.4903,-33.725
2779,12.44,3083,150.4568,-33.7242
2780,12.8,8024,150.3111,-33.7003
2782,11.87,4003,150.3767,-33.7187
2783,12.83,1740,150.4359,-33.72
2784,12.3,817,150.4162,-33.7272
2785,13.16,2974,150.2349,-33.7042
2786,14.37,753,150.2772,-33.5182
2787,13.51,2542,150.1114,-33.9306
2790,13.52,8813,150.1934,-33.4564
2791,13.99,214,149.1033,-33.5885
2792,13.68,212,148.9795,-33.642
2793,14.31,616,148.9208,-33.8044
2794,12.74,5541,148.6305,-33.8767
2795,11.62,26590,149.5633,-33.5135
2797,13.87,199,149.0187,-33.7238
2798,11.79,1224,149.1674,-33.4447
2799,12.58,2368,149.2491,-33.5903
2800,11.25,28176,149.0536,-33.2831
2803,12.86,167,148.5095,-34.1365
2804,13.18,1474,148.6366,-33.543
2805,15.06,221,148.4269,-33.6623
2806,13.0,421,148.3523,-33.4118
2807,15.35,249,148.5844,-34.0228
2808,15.67,144,148.9433,-33.9797
2809,16.7,146,148.3864,-34.0294
2810,12.94,1599,148.002,-33.8495
2818,12.57,407,148.7636,-32.446
2820,13.0,3310,148.9967,-32.5625
2821,11.88,2303,148.1393,-32.2576
2822,13.76,176,148.6351,-31.9474
2823,12.56,620,147.9323,-32.003
2824,12.35,979,147.8043,-31.3563
2825,12.1,1080,147.0979,-31.6729
2827,12.69,1811,148.5674,-31.6565
2828,13.19,328,148.5298,-31.2799
2829,12.23,1425,148.3642,-30.7887
2830,10.88,25030,148.6302,-32.2016
2831,13.07,1050,147.0168,-30.8205
2832,12.63,1009,148.0383,-29.9486
2833,12.47,193,148.5544,-29.3837
2834,16.1,1081,147.9881,-29.27
2835,11.83,1545,145.3608,-31.6972
2836,14.46,239,143.4225,-30.9106
2839,12.51,364,146.8944,-29.8086
2840,11.39,940,144.8449,-29.9182
2842,11.42,530,149.1076,-31.7579
2843,14.28,590,149.7591,-31.7927
2844,12.42,646,149.3492,-32.0368
2845,12.32,1085,150.0505,-33.4193
2846,15.55,239,150.1531,-33.1395
2847,14.61,1344,149.9725,-33.3571
2848,17.47,959,149.9674,-32.931
2849,14.26,935,150.1278,-32.7333
2850,12.43,10707,149.6374,-32.6331
2852,13.7,1906,149.4596,-32.2812
2864,11.71,443,148.6742,-33.3337
2865,12.53,512,148.6316,-33.16
2866,12.02,1609,148.9597,-33.0089
2867,13.96,267,148.6078,-32.9016
2868,13.05,321,148.5704,-32.7303
2869,13.73,736,148.1168,-32.6494
2870,12.24,5948,148.2216,-33.0989
2871,12.34,4403,147.8021,-33.4738
2873,13.65,356,147.2188,-32.2863
2874,12.7,210,147.6086,-32.5625
2875,13.75,392,147.6099,-32.915
2876,13.35,254,147.8165,-33.1445
2877,11.52,1598,146.562,-32.7932
2878,12.35,142,144.2008,-32.7831
2879,14.54,203,142.7193,-32.4417
2880,12.07,8585,141.82,-30.8116
2900,10.42,3287,149.0962,-35.4545
2902,12.47,9984,149.0631,-35.3843
2903,11.92,5898,149.0865,-35.3984
2904,11.61,8336,149.1042,-35.4087
2905,12.17,17459,149.1089,-35.432
2906,11.3,10964,149.0963,-35.4628
2911,9.15,3260,149.1354,-35.2188
2912,10.66,4890,149.1567,-35.1949
2913,10.44,25966,149.1028,-35.1744
2914,9.82,19360,149.1335,-35.1611
3000,5.58,27015,144.9623,-37.8123
3002,6.86,5785,144.9827,-37.814
3003,9.97,3371,144.9273,-37.8103
3004,9.52,6868,144.9784,-37.8331
3006,7.64,12132,144.9617,-37.8252
3008,8.23,7000,144.942,-37.8202
3011,11.36,12073,144.8977,-37.8005
3012,11.73,17128,144.8586,-37.8029
3013,11.16,8563,144.8855,-37.8183
3015,11.11,10968,144.8834,-37.8365
3016,11.23,10829,144.8725,-37.853
3018,11.7,8605,144.8198,-37.86
3019,11.94,6143,144.8526,-37.7806
3020,12.58,27726,144.8241,-37.7834
3021,13.33,32014,144.7999,-37.7418
3022,13.04,2263,144.8017,-37.7767
3023,11.21,40857,144.7534,-37.7603
3024,10.93,22990,144.5987,-37.8381
3025,9.26,12057,144.8359,-37.8377
3026,9.1,5379,144.7848,-37.8188
3027,9.77,5755,144.7464,-37.864
3028,11.76,18232,144.7793,-37.8729
3029,10.81,91555,144.6963,-37.8184
3030,10.66,75324,144.6718,-37.9338
3031,11.47,9250,144.9251,-37.7936
3032,10.92,17280,144.9034,-37.7762
3033,11.47,10184,144.8542,-37.7408
3034,11.94,7516,144.8637,-37.7611
3036,11.48,4158,144.8142,-37.6963
3037,11.52,31617,144.7552,-37.6964
3038,11.83,18083,144.7935,-37.7062
3039,9.79,10493,144.924,-37.7662
3040,10.72,16739,144.9062,-37.7515
3041,9.57,10940,144.9068,-37.7282
3042,11.03,11553,144.8723,-37.7278
3043,7.33,23364,144.8831,-37.6996
3044,11.58,16911,144.9384,-37.7347
3045,6.69,281,144.8409,-37.6754
3046,12.13,21496,144.9317,-37.7074
3047,13.36,12058,144.9313,-37.6808
3048,13.38,10784,144.925,-37.6535
3049,11.74,6377,144.8906,-37.6717
3051,10.9,6475,144.9457,-37.7985
3052,10.5,2610,144.9516,-37.7865
3053,11.19,5124,144.9684,-37.7991
3054,11.82,3986,144.9694,-37.7855
3055,12.65,7622,144.9425,-37.7631
3056,10.52,15109,144.9627,-37.7666
3057,12.17,6660,144.9786,-37.7702
3058,12.04,20887,144.9657,-37.7376
3059,10.9,15497,144.8786,-37.6386
3060,12.96,9099,144.9676,-37.7048
3061,10.65,6444,144.9592,-37.6636
3062,8.22,557,144.9542,-37.6368
3063,14.54,402,144.8456,-37.5898
3064,11.17,78095,144.9331,-37.5577
3065,11.69,5040,144.9792,-37.8008
3066,10.29,5259,144.9882,-37.8017
3067,10.6,4495,145.0009,-37.8043
3068,12.01,9506,144.9896,-37.7861
3070,11.83,13627,144.9986,-37.7701
3071,12.46,10289,145.007,-37.7582
3072,11.54,22211,145.0087,-37.7418
3073,12.7,29592,145.0064,-37.7123
3074,12.47,14463,145.005,-37.6834
3075,13.04,13948,145.0132,-37.667
3076,11.48,21516,145.0077,-37.64
3078,10.71,8560,145.0212,-37.7817
3079,10.98,11578,145.0504,-37.7689
3081,11.97,9167,145.0469,-37.7421
3082,11.96,18578,145.0657,-37.6656
3083,11.54,20242,145.0568,-37.6995
3084,10.97,17139,145.0787,-37.7446
3085,11.12,8300,145.0834,-37.7225
3087,11.89,5384,145.0816,-37.7046
3088,11.3,17214,145.1104,-37.6989
3089,11.35,8135,145.1562,-37.666
3090,11.18,1777,145.111,-37.6685
3091,13.38,1196,145.1368,-37.6388
3093,11.07,2677,145.1174,-37.7388
3094,11.54,5632,145.1253,-37.7211
3095,11.21,18834,145.1668,-37.7126
3096,12.56,1180,145.1901,-37.6678
3097,13.8,1090,145.2366,-37.6888
3099,13.22,3048,145.2178,-37.5833
3101,10.22,15672,145.0353,-37.8036
3102,10.7,4399,145.0537,-37.7894
3103,9.85,10369,145.081,-37.8091
3104,10.1,13926,145.0839,-37.7918
3105,11.24,7473,145.0871,-37.7708
3106,10.62,11755,145.1508,-37.7565
3107,10.96,9153,145.1114,-37.7604
3108,9.47,19229,145.1239,-37.7824
3109,10.38,19908,145.1641,-37.7817
3111,11.0,8763,145.1951,-37.7903
3113,11.88,6000,145.2105,-37.7432
3114,12.01,2815,145.2173,-37.7759
3115,11.93,2759,145.2683,-37.7355
3116,11.32,7612,145.3128,-37.7402
3121,9.06,20659,145.005,-37.8221
3122,10.57,13550,145.0324,-37.8252
3123,9.61,9427,145.0496,-37.8315
3124,10.04,14696,145.0744,-37.8384
3125,10.53,9900,145.1122,-37.8499
3126,10.25,5385,145.0746,-37.8231
3127,10.56,12497,145.101,-37.8247
3128,10.64,13508,145.1253,-37.8279
3129,10.83,10814,145.1225,-37.8043
3130,10.85,22077,145.1505,-37.8225
3131,10.97,15558,145.1741,-37.827
3132,10.93,11012,145.2,-37.8188
3133,10.85,15534,145.1926,-37.8474
3134,11.07,23920,145.2364,-37.7934
3135,11.62,12705,145.2491,-37.8201
3136,11.38,29657,145.2809,-37.7905
3137,12.13,9862,145.3142,-37.8188
3138,11.83,14022,145.3263,-37.7815
3139,13.99,8888,145.5431,-37.8125
3140,11.5,12351,145.366,-37.7558
3141,10.4,12373,144.9957,-37.8387
3142,10.58,9483,145.0178,-37.8418
3143,10.3,5881,145.0201,-37.8568
3144,9.32,7841,145.0352,-37.8558
3145,10.51,14191,145.0611,-37.8771
3146,10.29,16320,145.0662,-37.8561
3147,10.8,9247,145.0937,-37.8674
3148,11.11,6233,145.1008,-37.8812
3149,10.41,24411,145.1293,-37.8785
3150,10.65,41290,145.1745,-37.8911
3151,10.75,7770,145.1506,-37.8537
3152,10.9,23192,145.224,-37.8651
3153,11.63,15290,145.2722,-37.8363
3154,12.93,2856,145.3245,-37.8566
3155,12.49,15136,145.2869,-37.8575
3156,11.63,26513,145.2966,-37.918
3158,13.0,4340,145.3354,-37.9002
3159,13.06,1666,145.3918,-37.9178
3160,13.01,5735,145.3562,-37.9278
3161,10.09,10008,145.0212,-37.8722
3162,10.46,12042,145.0249,-37.8908
3163,11.06,19297,145.0584,-37.8958
3165,10.78,18715,145.0668,-37.9221
3166,11.41,16204,145.0966,-37.8996
3167,11.79,6872,145.0948,-37.9255
3168,10.77,13714,145.1317,-37.9156
3169,12.31,13332,145.1209,-37.9432
3170,7.87,21701,145.1783,-37.926
3171,12.85,14315,145.1563,-37.9453
3172,12.31,15211,145.1342,-37.9743
3173,10.94,21880,145.1668,-38.0047
3174,13.14,24167,145.1798,-37.963
3175,11.08,42700,145.2025,-38.018
3177,13.59,7289,145.2395,-37.9896
3178,10.79,23724,145.2399,-37.9256
3179,11.11,4468,145.2165,-37.9006
3180,10.89,6196,145.2509,-37.8885
3181,10.69,10077,144.998,-37.8528
3182,12.11,11846,144.9799,-37.8638
3183,11.85,8783,145.0002,-37.8676
3184,11.29,8806,144.9862,-37.8808
3185,10.03,8556,145.006,-37.8863
3186,10.12,17047,144.9966,-37.9079
3187,10.11,11154,145.018,-37.9171
3188,10.84,12102,145.0148,-37.9384
3189,10.73,6269,145.0577,-37.9415
3190,10.85,7606,145.0379,-37.9487
3191,10.54,7190,145.0151,-37.9535
3192,11.01,16525,145.0597,-37.9609
3193,10.57,14075,145.034,-37.9767
3194,11.09,8918,145.0812,-37.9813
3195,10.89,25159,145.1108,-38.0074
3196,11.16,16303,145.126,-38.0459
3197,11.3,8019,145.1401,-38.0713
3198,12.24,11423,145.1372,-38.1049
3199,11.57,36068,145.1363,-38.1592
3200,14.82,2880,145.1622,-38.1259
3201,11.67,15027,145.1749,-38.0933
3202,11.03,1909,145.0953,-37.9564
3204,10.44,20450,145.0403,-37.9152
3205,5.42,18112,144.955,-37.8333
3206,10.36,6284,144.9617,-37.8471
3207,9.45,13817,144.9232,-37.8336
3211,15.03,890,144.4682,-37.9317
3212,11.76,13151,144.4519,-38.0204
3213,12.49,2610,144.2887,-37.9718
3214,14.24,13893,144.3691,-38.0731
3215,12.4,14387,144.3344,-38.1117
3216,11.63,37827,144.3101,-38.1874
3217,10.13,18318,144.2994,-38.2511
3218,11.08,9190,144.211,-38.1143
3219,13.31,12235,144.3857,-38.1739
3220,9.96,13627,144.3512,-38.1526
3221,13.53,2386,144.178,-38.161
3222,12.23,12295,144.5642,-38.2016
3223,12.36,8260,144.6649,-38.1526
3224,12.16,9770,144.4467,-38.184
3225,10.75,4627,144.6229,-38.246
3226,11.11,12215,144.5393,-38.2621
3227,10.53,3709,144.4255,-38.2586
3228,10.89,16046,144.2658,-38.3344
3230,12.24,2501,144.1504,-38.3819
3231,12.04,1371,144.0626,-38.451
3232,13.18,1167,143.9265,-38.5328
3233,13.69,1619,143.6115,-38.7575
3234,14.87,177,143.828,-38.6313
3235,12.74,332,143.9202,-38.4378
3236,15.94,177,143.7094,-38.5105
3237,12.83,161,143.5437,-38.6448
3238,14.78,227,143.4441,-38.729
3239,14.87,308,143.4189,-38.5732
3240,13.22,1457,144.138,-38.2545
3241,13.38,1984,143.9306,-38.2603
3242,12.78,590,143.8229,-38.3317
3243,15.16,290,143.7975,-38.4702
3249,15.02,2011,143.5457,-38.3668
3250,13.16,7916,143.5846,-38.3404
3251,15.06,400,143.6596,-38.1407
3254,15.51,230,143.5306,-38.2969
3260,13.49,3055,143.227,-38.1918
3264,14.06,1526,142.877,-38.2382
3265,14.38,1656,142.8282,-38.2412
3266,13.94,1974,143.145,-38.4161
3267,16.23,133,143.0872,-38.4615
3268,13.78,1741,142.9437,-38.5159
3269,14.9,408,143.1164,-38.6345
3270,12.25,228,142.882,-38.5894
3271,16.83,103,143.0182,-37.9078
3272,14.96,1041,142.8135,-37.9711
3273,14.49,111,142.6794,-37.9823
3274,15.34,151,142.5246,-37.9538
3275,17.35,284,142.4665,-38.2871
3276,15.69,247,142.4658,-38.1223
3277,13.9,1125,142.6714,-38.4122
3278,17.0,216,142.6082,-38.2733
3279,13.13,182,142.6169,-38.1868
3280,11.96,22430,142.4894,-38.3667
3281,13.17,1146,142.5173,-38.2531
3282,12.92,1708,142.3849,-38.2977
3283,13.57,866,142.2649,-38.2256
3284,12.72,2488,142.1413,-38.2638
3285,13.89,822,141.9311,-38.2557
3286,13.18,350,142.0193,-38.0338
3287,15.77,266,142.3058,-38.0519
3289,13.49,467,142.2749,-37.897
3293,13.08,197,142.5464,-37.7323
3294,12.9,602,142.3207,-37.5945
3300,13.47,6597,142.002,-37.7911
3301,14.68,739,141.9969,-37.7568
3302,13.57,246,141.7493,-37.8397
3303,13.21,147,141.6748,-37.9629
3304,14.41,1590,141.4454,-38.0124
3305,13.96,8475,141.4489,-38.2343
3310,15.15,197,141.5674,-37.7289
3311,14.68,1056,141.3004,-37.5785
3312,13.87,446,141.2304,-37.4943
3314,14.29,278,142.1561,-37.3875
3315,15.48,1017,141.6721,-37.4666
3317,11.4,105,141.6019,-37.1434
3318,14.53,708,141.3016,-37.0406
3319,16.05,220,141.0896,-36.9105
3321,12.79,1075,143.9461,-38.1005
3322,12.93,138,143.6625,-38.0353
3324,14.94,335,143.3543,-37.9266
3325,14.2,330,143.1808,-37.8988
3328,12.9,1423,144.0534,-38.0221
3329,14.79,195,143.8798,-37.9866
3330,15.19,145,143.7451,-37.9284
3331,12.1,4415,144.1831,-37.9824
3332,14.84,805,144.0984,-37.9569
3333,15.05,545,144.0369,-37.8734
3334,15.76,354,144.0598,-37.7566
3335,10.57,10336,144.6582,-37.6933
3336,9.68,18495,144.7026,-37.7081
3337,12.42,25185,144.5857,-37.6294
3338,11.47,25763,144.5559,-37.7575
3340,12.21,16986,144.3971,-37.7429
3341,14.62,1159,144.347,-37.5873
3342,13.46,2524,144.221,-37.6303
3345,12.93,868,144.1134,-37.5676
3350,11.91,43113,143.8668,-37.5758
3351,14.23,6195,143.6084,-37.6888
3352,13.22,12225,143.787,-37.5535
3355,11.68,9672,143.7941,-37.5154
3356,13.79,9571,143.8256,-37.5905
3357,12.08,2451,143.8995,-37.6519
3358,11.49,3663,143.7932,-37.5774
3360,16.19,560,143.5133,-37.7384
3361,14.75,433,143.3148,-37.7115
3363,13.92,2280,143.9198,-37.4284
3364,13.99,1470,143.9892,-37.2965
3370,15.49,1295,143.822,-37.2615
3371,16.9,780,143.6577,-37.2019
3373,14.58,1685,143.3396,-37.4645
3374,13.49,307,142.8822,-37.1662
3375,15.52,180,143.1344,-37.391
3377,13.59,5287,142.9481,-37.2754
3378,13.34,132,143.0231,-37.5122
3379,13.94,462,142.6361,-37.5396
3380,14.35,3867,142.7709,-37.0574
3381,14.16,833,142.5856,-37.1604
3384,16.22,414,143.0503,-36.9969
3385,16.83,345,142.5863,-36.8752
3387,15.85,234,142.8691,-36.8259
3388,14.66,372,142.6943,-36.6272
3390,14.55,562,142.4664,-36.566
3391,17.22,110,142.4431,-36.0508
3392,14.17,412,142.6269,-36.4122
3393,13.71,1619,142.4211,-36.1934
3395,15.4,284,142.4161,-35.9128
3396,14.82,454,142.352,-35.7091
3400,12.64,9416,142.1962,-36.719
3401,14.2,2700,142.1763,-36.8578
3407,12.99,287,141.8404,-37.289
3409,14.98,565,141.7907,-36.8489
3412,15.68,221,141.4886,-36.6713
3413,12.28,118,141.2314,-36.7085
3414,15.49,1079,142.0478,-36.3364
3418,14.38,1704,141.6251,-36.2779
3419,14.33,510,141.2646,-36.3864
3420,13.71,156,141.0873,-36.2089
3423,17.73,279,141.9773,-36.0987
3424,14.82,547,141.998,-35.8249
3427,11.23,4466,144.6994,-37.6208
3428,15.01,488,144.7928,-37.6349
3429,11.66,26417,144.7348,-37.5502
3430,15.36,200,144.802,-37.4887
3431,12.9,3007,144.6814,-37.4482
3432,14.86,182,144.7723,-37.4379
3433,18.0,164,144.7787,-37.4012
3434,13.05,4010,144.7459,-37.3522
3435,13.39,2234,144.7392,-37.2251
3437,11.31,8245,144.5471,-37.5018
3438,12.06,1799,144.6168,-37.4535
3440,12.75,1412,144.5572,-37.4291
3441,13.51,1071,144.5932,-37.3929
3442,12.39,5908,144.5523,-37.3324
3444,13.36,6735,144.5291,-37.1352
3446,13.9,769,144.3439,-37.1861
3447,15.06,289,144.3496,-37.1406
3448,14.76,690,144.3828,-37.0516
3450,14.64,4733,144.2206,-37.06
3451,14.66,3902,144.2111,-37.1032
3453,14.69,1340,144.2393,-36.9334
3458,13.2,1676,144.3657,-37.455
3460,13.57,2082,144.1397,-37.3348
3461,13.84,3307,144.1806,-37.3073
3462,16.06,843,144.0573,-37.1143
3463,15.91,1915,144.0084,-36.9334
3464,15.68,775,143.8414,-37.0282
3465,15.21,6426,143.6748,-37.0356
3467,14.44,853,143.4719,-37.0826
3468,15.94,212,143.402,-37.2125
3469,14.61,186,143.2638,-37.1765
3472,17.39,1095,143.6949,-36.8559
3475,16.01,275,143.5185,-36.7255
3477,15.38,446,143.2084,-36.6818
3478,15.34,1668,143.3209,-37.0504
3480,14.17,1095,142.9385,-36.3501
3482,17.24,131,142.8443,-36.1366
3483,12.11,543,142.8843,-35.9135
3485,18.82,213,142.7236,-35.6958
3490,14.23,699,141.6255,-35.1424
3494,14.26,310,142.1775,-34.5191
3496,14.11,3605,141.5536,-34.3617
3498,12.68,3515,142.17,-34.2517
3500,12.87,21126,142.1226,-34.2079
3501,10.71,1768,142.3314,-34.7197
3505,14.6,2769,141.8712,-34.1878
3507,16.44,129,142.0466,-35.0991
3509,15.31,143,141.765,-35.1627
3512,16.26,220,141.1067,-35.1651
3515,13.63,1655,144.08,-36.8045
3516,14.81,481,144.0132,-36.6254
3517,14.89,971,143.8696,-36.463
3518,17.65,977,143.6419,-36.4032
3520,19.17,124,143.7684,-36.3543
3521,14.12,463,144.8587,-37.1136
3522,15.05,217,144.784,-37.0482
3523,15.51,2881,144.7378,-36.8516
3525,15.38,848,143.4262,-36.2479
3527,14.0,495,143.2832,-36.038
3530,12.3,106,143.159,-35.7283
3531,13.54,171,142.9625,-35.6206
3533,14.65,497,142.8015,-35.3829
3537,13.47,623,143.7152,-36.0511
3540,16.34,207,143.5257,-35.836
3542,15.99,104,143.4347,-35.6669
3544,15.78,197,143.184,-35.4759
3546,12.95,241,142.9112,-35.087
3549,15.64,2948,142.7763,-34.789
3550,12.53,26937,144.2888,-36.7619
3551,12.14,23505,144.4848,-36.7564
3555,13.1,13041,144.2428,-36.8087
3556,14.12,8955,144.1943,-36.6503
3557,16.43,569,144.5242,-36.6547
3558,13.58,564,144.6081,-36.4915
3559,16.35,332,144.8271,-36.5625
3561,13.19,2764,144.6823,-36.3395
3562,15.81,258,144.5273,-36.0456
3563,14.89,450,144.498,-36.2712
3564,12.6,11743,144.7108,-36.153
3566,13.82,326,144.3574,-35.9495
3567,14.56,436,144.2796,-35.9084
3568,13.22,1994,144.1912,-35.8135
3570,16.39,495,144.2671,-36.5024
3571,15.18,219,144.1802,-36.3848
3572,14.75,132,144.3234,-36.3216
3573,14.83,233,144.2749,-36.1944
3575,15.25,489,144.1088,-36.0667
3579,14.21,3320,143.8401,-35.7216
3580,14.85,739,144.1116,-35.644
3581,15.17,151,143.8155,-35.5913
3583,13.34,141,143.6887,-35.5052
3584,13.78,709,143.6417,-35.4684
3585,12.63,7113,143.3727,-35.376
3586,14.51,426,143.6956,-35.4038
3588,15.17,229,143.4463,-35.2923
3589,16.25,224,143.4482,-35.2513
3590,15.91,173,143.4741,-35.2262
3591,11.24,111,143.3989,-35.2079
3594,15.45,398,143.3628,-35.1457
3595,15.45,344,143.3353,-35.1826
3597,15.34,350,143.1557,-34.903
3599,15.37,123,143.0933,-34.7402
3607,11.93,126,145.1707,-36.8447
3608,13.19,2145,145.1337,-36.7634
3610,15.76,970,145.2218,-36.5926
3612,17.29,1284,145.0348,-36.6101
3614,13.99,540,145.3106,-36.4937
3616,13.46,3595,145.1739,-36.4319
3617,16.33,112,145.1634,-36.413
3618,14.6,492,145.1475,-36.3704
3620,13.47,5300,145.074,-36.2792
3621,15.06,1482,144.9693,-36.2281
3622,13.92,308,144.8312,-36.2441
3623,15.21,581,144.9414,-36.4627
3624,14.0,324,144.9491,-36.3991
3629,14.3,5942,145.2682,-36.2965
3630,12.83,21251,145.5968,-36.4636
3631,12.22,9806,145.4797,-36.4452
3633,13.84,333,145.4681,-36.2937
3634,14.86,1130,145.4729,-36.2381
3635,14.53,359,145.3424,-36.1559
3636,14.14,3454,145.5029,-36.1022
3637,15.37,336,145.2921,-35.9641
3638,13.18,1392,145.1702,-36.0354
3639,15.45,383,145.0393,-35.9799
3640,16.05,634,145.4692,-35.9993
3641,15.27,801,145.4437,-35.8951
3644,13.19,6536,145.6657,-35.9015
3646,13.89,353,145.7074,-36.2531
3649,14.41,254,145.7045,-36.0677
3658,13.94,4174,145.1405,-37.2807
3659,15.78,528,145.1319,-37.1276
3660,13.09,5075,145.2659,-37.0564
3662,9.68,363,144.9484,-36.9354
3663,12.9,150,145.1641,-36.9276
3664,12.71,815,145.2955,-36.9225
3665,12.93,299,145.3604,-36.8205
3666,13.93,3272,145.5479,-36.8024
3669,14.48,906,145.7474,-36.6491
3670,15.87,374,145.8758,-36.6486
3672,13.81,7415,145.9962,-36.5773
3673,15.05,1086,146.0974,-36.6868
3675,14.7,1169,146.2069,-36.475
3677,12.98,12060,146.3175,-36.368
3678,13.61,4362,146.4355,-36.5973
3682,15.38,402,146.42,-36.1604
3683,14.55,1259,146.6026,-36.1779
3685,14.01,2008,146.5324,-36.0391
3687,12.91,734,146.4214,-36.0073
3688,13.32,905,146.7211,-36.1557
3690,12.05,24727,146.8502,-36.114
3691,11.93,8422,147.0203,-36.3184
3695,13.51,308,147.1197,-36.3168
3697,13.68,406,147.2039,-36.6847
3698,12.8,624,147.1371,-36.7661
3699,14.54,707,147.2878,-36.8347
3700,15.16,960,147.2712,-36.1859
3701,14.6,706,147.4541,-36.5101
3705,15.47,167,147.7975,-36.147
3707,14.43,1116,147.9259,-36.4597
3709,16.67,245,147.6697,-36.0393
3711,15.09,407,145.7106,-37.4365
3712,14.89,280,145.8398,-37.3673
3713,15.29,796,145.988,-37.3409
3714,14.31,2579,145.72,-37.2141
3715,16.11,221,145.753,-36.9872
3717,14.27,2226,145.4467,-37.3094
3719,13.45,293,145.6098,-37.0452
3720,13.93,584,145.8795,-37.0179
3722,13.33,4017,146.1251,-37.041
3723,14.22,2161,146.2626,-37.2102
3725,14.13,399,145.8951,-36.3997
3726,16.29,249,145.9886,-36.3339
3727,16.84,255,145.9388,-36.25
3728,14.61,403,145.9333,-36.1549
3730,12.3,6926,145.973,-36.0517
3732,15.32,404,146.3305,-36.6878
3733,11.94,156,146.4115,-36.7554
3735,13.37,443,146.6025,-36.5398
3737,13.82,2948,146.8144,-36.8582
3738,14.21,156,146.7873,-36.6054
3739,18.17,175,146.8459,-36.6376
3740,14.51,805,146.8646,-36.8144
3741,13.08,2194,147.1034,-36.9022
3744,13.45,320,146.983,-36.7911
3746,16.01,255,146.5593,-36.323
3747,12.82,3208,146.7098,-36.3542
3749,13.81,1370,146.8684,-36.3563
3750,10.2,19189,145.0067,-37.5905
3751,18.14,168,145.0609,-37.5445
3752,10.73,16054,145.0827,-37.6333
3753,10.89,4959,144.972,-37.4761
3754,10.22,30083,145.1157,-37.5962
3755,13.32,195,145.1265,-37.5503
3756,12.13,11593,144.9238,-37.4125
3757,13.55,5896,145.195,-37.478
3758,13.31,1432,145.0363,-37.3591
3759,13.48,664,145.2491,-37.6426
3760,16.13,276,145.2896,-37.6262
3761,13.52,803,145.2859,-37.5851
3762,17.26,109,144.9375,-37.3536
3763,14.52,1120,145.3609,-37.5097
3764,12.57,7013,144.935,-37.2105
3765,12.54,4229,145.3439,-37.8168
3766,13.9,872,145.3831,-37.82
3767,12.42,768,145.3519,-37.8383
3770,13.22,2051,145.4231,-37.7123
3775,13.31,2560,145.3775,-37.6257
3777,13.32,6938,145.5206,-37.5922
3778,14.93,171,145.635,-37.5566
3779,13.69,372,145.9377,-37.5792
3781,13.53,2715,145.5117,-37.9314
3782,13.25,5245,145.4553,-37.9214
3783,14.09,1589,145.6407,-37.9461
3786,12.87,971,145.3366,-37.8766
3787,12.29,661,145.3485,-37.8649
3788,13.24,1239,145.3803,-37.8543
3789,16.77,205,145.3593,-37.8883
3791,13.41,999,145.3995,-37.8983
3792,13.5,744,145.4036,-37.8936
3793,13.34,2291,145.4266,-37.8743
3795,14.77,904,145.4337,-37.8349
3796,13.08,6080,145.3883,-37.7884
3797,13.88,2388,145.703,-37.8464
3799,15.93,3730,145.8037,-37.7057
3802,12.18,15732,145.2561,-37.9679
3803,11.84,8176,145.2703,-38.0051
3804,12.18,6065,145.3309,-37.976
3805,11.69,36408,145.3041,-38.0405
3806,10.28,36097,145.3511,-38.0288
3807,11.16,5074,145.3842,-38.0347
3808,12.48,2033,145.4277,-37.9959
3809,9.84,15278,145.4147,-38.0737
3810,11.59,35885,145.4916,-38.07
3812,14.55,1631,145.569,-38.0759
3813,14.7,678,145.6267,-38.0469
3814,13.21,1679,145.6546,-38.1012
3815,13.05,2351,145.7095,-38.077
3816,13.57,2132,145.7717,-38.0912
3818,12.38,11934,145.8423,-38.1374
3820,11.9,14457,145.9367,-38.1597
3821,13.64,1972,146.0155,-38.0989
3822,13.94,659,146.0077,-38.2009
3823,12.75,1495,146.0654,-38.224
3824,12.91,3497,146.1676,-38.2226
3825,14.26,14003,146.3299,-37.9137
3831,14.0,1345,146.021,-37.998
3832,14.64,166,145.9863,-37.9225
3833,16.82,286,146.0628,-37.8489
3835,16.57,329,146.1669,-38.3038
3840,13.56,11631,146.4207,-38.2828
3842,13.73,3146,146.4194,-38.3202
3844,12.11,21466,146.6126,-38.2775
3847,13.59,1427,146.8268,-38.2194
3850,12.51,9577,147.0737,-38.1015
3851,13.81,3684,147.1403,-38.2156
3854,12.91,888,146.5945,-38.1142
3856,13.5,700,146.5965,-38.0364
3857,14.51,270,146.6724,-38.01
3858,15.15,2139,146.6858,-37.5737
3859,15.42,550,146.8742,-37.9215
3860,14.01,4779,146.9464,-37.7134
3862,13.78,2354,147.1901,-37.51
3864,13.36,160,147.3135,-37.8222
3865,16.36,329,147.4626,-37.7982
3869,13.53,1280,146.3618,-38.3663
3870,15.25,927,146.3483,-38.451
3871,13.92,1919,146.1808,-38.4077
3873,14.59,256,146.6915,-38.3032
3874,15.85,392,146.8994,-38.5268
3875,13.36,13378,147.5499,-37.6848
3878,13.83,1016,147.6753,-37.9022
3880,13.58,3414,147.7521,-37.9295
3882,14.56,899,147.7512,-37.8159
3885,15.71,1164,148.2199,-37.2715
3886,13.35,202,148.4479,-37.7521
3887,15.43,243,148.0532,-37.6926
3888,14.58,2120,148.6047,-37.3613
3889,13.05,130,148.8777,-37.5459
3890,15.3,191,149.2106,-37.4904
3892,15.76,737,149.8001,-37.5117
3895,14.98,123,147.8523,-37.3633
3896,15.48,251,147.7941,-37.2308
3898,13.96,440,147.5081,-37.0362
3900,17.36,106,147.912,-36.8721
3902,12.75,320,147.8127,-37.8137
3903,13.07,650,147.8678,-37.814
3904,13.4,1391,147.8426,-37.8684
3909,13.91,5530,148.0137,-37.8165
3910,11.58,14538,145.1975,-38.154
3911,13.32,2413,145.1704,-38.1959
3912,12.06,10079,145.221,-38.2162
3913,12.85,2418,145.1895,-38.266
3915,12.7,6625,145.1316,-38.2994
3916,12.39,803,145.0536,-38.4093
3918,13.08,2895,145.1707,-38.34
3919,13.6,2064,145.2043,-38.3554
3920,11.87,330,145.1964,-38.3773
3921,17.85,175,145.3653,-38.3502
3922,12.6,7564,145.2098,-38.4865
3923,12.93,613,145.2732,-38.4824
3925,12.12,3251,145.3257,-38.5184
3926,11.89,2387,145.1003,-38.3528
3927,11.46,1359,145.1608,-38.3809
3928,12.84,428,144.9681,-38.4029
3929,12.32,1076,144.9796,-38.4586
3930,10.89,12770,145.0927,-38.1963
3931,10.69,18427,145.0604,-38.2308
3933,13.34,763,145.1194,-38.2467
3934,10.94,13114,145.0312,-38.2755
3936,11.78,9578,144.9977,-38.3349
3937,11.54,1183,145.02,-38.3706
3938,12.33,2537,144.9339,-38.3529
3939,12.51,10909,144.8953,-38.4177
3940,12.84,3203,144.8746,-38.371
3941,12.74,9465,144.8178,-38.3864
3942,11.41,2381,144.7724,-38.3682
3943,11.31,1913,144.7434,-38.3456
3944,11.8,996,144.7055,-38.3238
3945,13.92,652,145.6788,-38.3965
3946,14.11,202,145.7387,-38.4365
3950,13.59,3487,145.8235,-38.4454
3951,15.81,712,145.746,-38.5129
3953,12.8,5544,145.9771,-38.4609
3954,12.72,270,145.9522,-38.5598
3956,13.73,2125,145.96,-38.6842
3957,14.89,203,146.0945,-38.5931
3958,13.06,190,146.0124,-38.6686
3959,13.04,890,146.0825,-38.7496
3960,13.82,1914,146.3008,-38.8321
3962,15.23,584,146.35,-38.6126
3964,14.16,101,146.2725,-38.6864
3965,13.89,193,146.4776,-38.6873
3966,14.55,350,146.4318,-38.6261
3971,14.15,2773,146.6442,-38.5299
3975,10.61,11077,145.2375,-38.0659
3976,13.04,15280,145.2677,-38.0394
3977,11.24,73998,145.2752,-38.1404
3978,9.83,39689,145.3738,-38.1331
3979,14.02,241,145.6219,-38.4674
3980,13.02,2166,145.3724,-38.2058
3981,12.63,3305,145.5786,-38.2001
3984,13.19,5493,145.5607,-38.3075
3987,14.71,977,145.686,-38.3092
3988,14.36,748,145.8026,-38.3183
3991,16.84,328,145.4663,-38.4755
3992,12.78,844,145.5829,-38.533
3995,13.2,8255,145.6277,-38.5998
3996,11.16,4731,145.7563,-38.618
4000,6.37,25186,153.0199,-27.4631
4005,10.43,10173,153.0471,-27.4613
4006,8.72,17940,153.0322,-27.4493
4007,10.15,11390,153.0677,-27.4353
4008,2.44,22070,153.1175,-27.3948
4009,6.53,5895,153.0915,-27.4351
4010,10.58,3187,153.0449,-27.433
4011,9.12,12740,153.0637,-27.4187
4012,10.66,14692,153.0551,-27.3973
4013,11.5,3319,153.0751,-27.3942
4014,9.88,10607,153.0865,-27.3684
4017,12.32,22683,153.0526,-27.3128
4018,10.59,8268,153.0333,-27.3369
4019,13.32,13147,153.0938,-27.2482
4020,11.68,17948,153.1014,-27.2133
4021,13.28,5475,153.0839,-27.2237
4022,11.92,4496,153.0566,-27.2107
4025,19.83,151,153.4061,-27.1425
4030,10.7,11598,153.0369,-27.4232
4031,9.17,11249,153.0294,-27.4061
4032,11.15,10908,153.0248,-27.3853
4034,11.41,29708,153.0416,-27.3574
4035,10.67,18452,152.9844,-27.3515
4036,12.17,4236,153.016,-27.3105
4037,11.38,4983,152.9392,-27.3423
4051,10.75,17762,152.9912,-27.4268
4053,11.27,29652,152.9887,-27.396
4054,11.89,8445,152.9534,-27.4117
4055,11.31,13775,152.9332,-27.3895
4059,11.09,7192,153.0068,-27.4507
4060,10.86,8104,152.9804,-27.4426
4061,11.25,11127,152.9409,-27.4457
4064,9.86,9364,153.0018,-27.4639
4065,10.1,6080,152.9792,-27.4568
4066,10.25,11022,152.9601,-27.4762
4067,10.72,5260,152.9958,-27.4972
4068,10.07,15381,152.9789,-27.5026
4069,11.05,24026,152.886,-27.4928
4070,10.95,7757,152.8704,-27.557
4073,9.76,6193,152.9523,-27.5457
4074,11.03,15772,152.9256,-27.5477
4075,11.05,15630,152.9783,-27.5473
4076,11.31,4019,152.9295,-27.5805
4077,12.16,20940,152.9694,-27.5934
4078,11.24,16014,152.9569,-27.6185
4101,10.09,18761,153.0262,-27.4865
4102,10.69,6524,153.0339,-27.4935
4103,11.97,8481,153.031,-27.5112
4104,11.08,4513,153.0179,-27.5166
4105,10.56,10113,153.0167,-27.5323
4106,10.6,2164,153.0038,-27.5533
4107,9.83,5868,153.0349,-27.5482
4108,11.69,5870,153.0262,-27.5662
4109,11.63,24416,153.0584,-27.5795
4110,10.3,15107,153.0081,-27.612
4111,11.75,703,153.0542,-27.5474
4112,10.49,5194,153.0949,-27.6084
4113,10.61,19799,153.0864,-27.5894
4114,14.0,15687,153.1101,-27.6493
4115,10.78,12894,153.0302,-27.6322
4116,10.26,17364,153.0541,-27.6298
4117,10.67,1696,153.0821,-27.6422
4118,12.28,19925,153.0366,-27.6689
4119,10.12,5824,153.1107,-27.6083
4120,11.2,6244,153.0482,-27.5052
4121,11.19,15597,153.0565,-27.5235
4122,10.93,29140,153.0901,-27.5429
4123,10.68,15156,153.1239,-27.5753
4124,12.61,17461,152.9378,-27.7286
4125,12.79,10801,153.0493,-27.724
4127,11.62,19534,153.1467,-27.6265
4128,12.02,10823,153.1764,-27.6573
4129,11.73,5030,153.1854,-27.6855
4130,12.93,5915,153.2392,-27.6676
4131,12.38,7319,153.1431,-27.6719
4132,13.3,14689,153.0917,-27.6818
4133,12.37,17591,153.103,-27.726
4151,10.68,11475,153.0606,-27.4978
4152,10.29,29935,153.0987,-27.5058
4153,11.65,3047,153.1339,-27.5081
4154,10.26,7030,153.1651,-27.4877
4155,13.0,1166,153.1695,-27.5163
4156,11.66,2403,153.1566,-27.5616
4157,12.76,13196,153.2015,-27.5671
4158,13.25,2411,153.1978,-27.4813
4159,12.19,9356,153.2088,-27.4984
4160,11.0,12433,153.2456,-27.5013
4161,12.97,9879,153.2278,-27.5345
4163,11.25,11343,153.2662,-27.5323
4164,11.14,11921,153.26,-27.5675
4165,11.79,25006,153.2628,-27.6266
4169,10.27,10584,153.0448,-27.4829
4170,10.18,17859,153.0817,-27.4702
4171,10.2,11005,153.0594,-27.4534
4172,8.09,5022,153.113,-27.4512
4173,11.01,5531,153.1284,-27.4744
4174,11.67,2280,153.133,-27.4462
4178,11.5,17570,153.1634,-27.416
4179,11.76,12384,153.1727,-27.4654
4183,17.65,1864,153.4541,-27.5484
4184,17.42,7751,153.3816,-27.6761
4205,13.04,3699,153.1581,-27.6891
4207,12.57,46381,153.1978,-27.7654
4208,11.58,15448,153.3166,-27.7741
4209,10.98,46726,153.312,-27.84
4210,12.08,14907,153.2539,-27.9113
4211,12.36,42166,153.2543,-28.0869
4212,10.47,25253,153.3459,-27.8888
4213,12.61,20681,153.3195,-28.1358
4214,11.71,28183,153.3634,-27.9604
4215,10.85,40383,153.4003,-27.967
4216,11.81,27657,153.384,-27.9129
4217,11.2,31669,153.3995,-28.0103
4218,11.39,25155,153.4213,-28.0424
4220,11.56,23122,153.435,-28.0915
4221,12.15,19564,153.4566,-28.1239
4223,12.82,10807,153.4185,-28.1876
4224,12.51,4931,153.4945,-28.1507
4225,12.09,7805,153.5191,-28.1644
4226,10.61,25620,153.3874,-28.0617
4227,10.73,15757,153.4026,-28.1038
4228,13.35,3739,153.3749,-28.1789
4270,15.25,2923,153.1381,-27.8716
4272,13.1,5459,153.191,-27.9362
4275,13.64,2553,153.1464,-28.0686
4280,13.82,14854,153.0121,-27.8097
4285,14.17,14369,152.9482,-28.0525
4287,16.21,450,152.8092,-28.2666
4300,10.79,42552,152.9,-27.6596
4301,12.27,22075,152.8548,-27.6377
4303,15.28,2248,152.8375,-27.6045
4304,12.92,11354,152.802,-27.6095
4305,13.25,38868,152.7548,-27.6176
4306,12.4,31850,152.7209,-27.5433
4307,15.24,980,152.6244,-27.8169
4309,14.86,1967,152.5187,-28.0196
4310,14.96,3707,152.6653,-28.0907
4311,15.34,6750,152.4562,-27.3861
4312,15.72,1750,152.3879,-27.2775
4313,15.55,1364,152.3684,-27.1184
4314,16.7,1930,152.2026,-26.8159
4340,14.27,3669,152.5117,-27.7545
4341,14.31,10498,152.3817,-27.7187
4342,15.69,1690,152.3879,-27.5489
4343,14.81,7740,152.265,-27.6937
4344,14.94,1682,152.1016,-27.5811
4346,14.08,644,152.5904,-27.5603
4347,15.22,899,152.177,-27.6148
4350,12.38,71962,151.8767,-27.5724
4352,13.3,20129,151.3307,-27.7776
4353,12.85,169,151.8922,-27.2329
4354,15.2,750,151.8614,-27.2949
4355,15.46,1591,152.0647,-27.1412
4356,14.18,2846,151.5488,-27.6572
4357,15.6,1571,151.1131,-27.9854
4358,14.12,1598,151.8124,-27.7754
4359,14.26,746,152.0247,-27.792
4360,12.7,354,151.8951,-27.8416
4361,16.29,1571,151.9056,-27.9287
4362,16.48,1485,152.0622,-28.0228
4363,15.71,380,151.7357,-27.6816
4364,12.62,154,151.4274,-27.7152
4365,20.26,312,151.6205,-28.0217
4370,14.39,11632,152.0013,-28.2164
4371,14.16,361,152.3192,-28.1804
4373,15.75,636,152.3523,-28.3219
4374,16.39,260,151.8711,-28.4097
4375,20.1,169,151.9427,-28.5243
4376,17.76,238,151.9327,-28.5559
4377,14.84,379,152.0285,-28.5476
4378,15.41,322,151.9354,-28.6159
4380,15.12,4992,151.6897,-28.7213
4381,16.2,359,151.8763,-28.7517
4382,15.7,318,151.7996,-28.8522
4383,16.76,415,151.9494,-28.9261
4385,14.91,566,151.1161,-28.8151
4387,15.23,651,151.1579,-28.4608
4388,14.46,238,150.6037,-28.5663
4390,12.8,3727,150.3828,-28.2322
4400,14.74,1319,151.7998,-27.498
4401,14.97,3387,151.7152,-27.3989
4402,18.08,200,151.8264,-26.9596
4403,16.69,405,151.5458,-27.3372
4404,13.44,223,151.4539,-27.2665
4405,13.93,7895,151.0173,-27.2894
4406,14.55,731,150.2596,-27.6218
4407,17.85,264,151.0115,-27.6063
4408,14.41,272,151.3564,-26.8359
4410,15.91,724,151.1938,-26.6543
4411,16.93,164,150.9612,-26.8529
4412,16.92,110,150.8195,-26.8696
4413,13.5,4196,150.6664,-26.3812
4415,15.47,1109,150.2294,-26.5097
4416,11.54,182,149.9589,-26.9548
4417,12.16,280,149.1321,-27.2021
4419,15.97,438,149.9803,-25.9535
4420,13.18,503,149.51,-25.4021
4421,16.93,1285,150.4759,-27.258
4422,12.29,214,149.7277,-27.6155
4424,14.64,107,149.9471,-26.6518
4425,14.86,126,149.7693,-26.6276
4427,14.03,142,149.3925,-26.1527
4428,13.72,291,149.2053,-26.4688
4454,13.06,300,148.7024,-25.6598
4455,12.7,4228,148.6557,-26.6978
4465,13.51,565,147.9075,-26.236
4468,13.92,160,146.9459,-26.6941
4470,13.15,1529,146.1509,-26.3151
4472,13.75,678,145.4451,-24.5912
4477,12.82,206,147.1545,-25.359
4478,11.34,195,146.2624,-25.0504
4480,11.8,351,143.4747,-26.5421
4486,12.45,382,147.9355,-28.6435
4487,13.02,1479,148.5657,-27.8843
4488,15.23,109,147.3767,-27.8687
4490,14.35,566,145.9092,-28.1234
4496,13.19,153,149.3493,-28.4847
4497,11.27,120,148.9183,-28.5077
4500,11.73,29982,152.933,-27.303
4501,12.97,3960,152.9929,-27.2793
4502,12.78,5144,152.9717,-27.2708
4503,11.67,31862,152.9611,-27.242
4504,11.82,13357,152.9387,-27.1895
4505,13.18,17912,152.9841,-27.149
4506,13.67,16566,152.9195,-27.1347
4507,12.6,13927,153.1365,-26.9916
4508,13.92,11292,153.0169,-27.181
4509,9.43,24370,153.0337,-27.2334
4510,13.46,34843,152.9696,-27.0728
4511,13.31,6358,153.0817,-27.0713
4512,15.37,2350,152.8541,-27.0247
4514,14.26,4841,152.7282,-26.946
4515,14.12,2795,152.4782,-26.7558
4516,15.26,2918,152.9616,-27.0
4517,15.31,569,152.9687,-26.9493
4518,14.14,3794,152.9376,-26.9057
4519,14.03,5809,152.9598,-26.8593
4520,12.97,9689,152.83,-27.3254
4521,14.21,3417,152.7672,-27.1528
4550,13.86,3230,152.9843,-26.8064
4551,11.31,47118,153.0864,-26.7985
4552,14.47,6519,152.7575,-26.7353
4553,12.2,9176,152.9999,-26.757
4554,15.86,1362,152.9624,-26.732
4555,12.65,5655,152.9503,-26.6942
4556,11.28,31570,153.0511,-26.6981
4557,11.33,12406,153.1073,-26.694
4558,10.02,18622,153.0808,-26.6536
4559,13.51,4868,152.976,-26.6576
4560,13.04,24337,152.933,-26.6106
4561,13.85,6298,152.9947,-26.5436
4562,13.97,6527,152.9167,-26.485
4563,14.26,7146,152.8822,-26.4278
4564,11.28,7655,153.0848,-26.6077
4565,13.83,10175,153.004,-26.2963
4566,11.31,6879,153.0602,-26.4212
4567,11.71,8927,153.0942,-26.4063
4568,15.25,2708,152.8508,-26.3667
4569,15.45,1190,152.8149,-26.3402
4570,14.84,30761,152.5972,-26.1699
4571,15.33,581,152.9251,-26.2288
4572,10.92,2656,153.1049,-26.671
4573,11.48,20071,153.0765,-26.5102
4574,15.04,983,152.7228,-26.6146
4575,10.97,18689,153.1243,-26.7287
4580,14.83,3521,153.0042,-25.9863
4581,17.43,1146,153.1425,-25.2605
4600,16.08,619,152.2407,-26.0797
4601,16.26,598,152.0887,-26.1104
4605,14.66,2299,151.8915,-26.1443
4606,14.7,1453,151.7973,-26.2705
4608,14.78,521,151.8204,-26.3724
4610,14.43,8945,151.553,-26.5292
4612,16.75,159,151.6273,-26.0017
4613,16.9,478,151.3849,-26.1805
4614,16.43,797,151.9298,-26.8479
4615,15.84,4552,151.9637,-26.6438
4620,14.9,229,152.2808,-25.6539
4621,16.32,1077,152.0359,-25.5032
4625,15.41,1428,151.6604,-25.591
4626,14.29,992,151.0963,-25.7805
4627,15.69,368,150.8342,-25.3639
4630,15.35,1246,151.0839,-24.855
4650,14.97,21622,152.6388,-25.6423
4655,12.96,43747,152.8034,-25.3422
4659,14.13,3715,152.6093,-25.2993
4660,15.15,5319,152.3328,-25.2076
4662,16.69,488,152.5769,-25.352
4670,13.46,52572,152.2585,-24.8875
4671,16.02,3797,151.7625,-25.0532
4673,18.33,380,152.0599,-24.7157
4674,17.42,1025,151.8744,-24.5412
4677,15.39,2909,151.6899,-24.2969
4678,14.94,451,151.5274,-24.1745
4680,12.57,33031,151.1357,-24.2125
4695,17.48,596,150.9583,-23.7803
4697,19.0,120,150.774,-23.8299
4699,16.04,225,150.6475,-23.6531
4700,11.92,10687,150.5128,-23.4089
4701,12.67,24747,150.6152,-23.3542
4702,13.42,16051,149.3646,-23.8678
4703,12.35,15056,150.6672,-23.0074
4705,10.68,160,149.1616,-22.7654
4707,13.12,101,149.391,-22.2411
4709,11.97,402,148.3527,-23.0338
4710,12.6,3221,150.802,-23.2651
4711,14.62,1053,150.4634,-23.2719
4712,11.83,181,149.6784,-23.6849
4713,15.46,197,149.4462,-24.1347
4714,16.3,1707,150.3941,-23.72
4715,13.47,3821,150.5225,-24.4012
4716,14.58,453,150.6651,-24.5902
4717,12.36,2215,148.7887,-23.4848
4718,14.0,1212,149.5247,-24.7068
4719,13.97,563,150.2119,-25.0788
4720,12.65,7938,147.5467,-23.9379
4721,13.44,1738,147.0771,-22.3776
4722,12.63,811,147.7865,-24.3439
4723,12.74,653,148.1079,-23.0845
4724,11.35,280,146.6985,-23.6196
4725,13.77,721,145.3361,-23.6174
4726,14.13,149,145.4114,-22.4442
4727,14.25,106,144.5453,-23.6611
4728,16.22,112,146.0844,-23.2668
4730,13.14,1478,143.3042,-23.7075
4735,12.05,496,141.6832,-23.2674
4737,13.61,4653,149.0939,-21.4761
4738,14.93,679,149.2592,-21.6463
4739,14.42,195,149.3715,-21.8637
4740,11.97,50750,149.1157,-21.1662
4741,14.34,3909,148.5755,-20.9582
4742,13.09,500,148.5031,-21.8018
4743,13.13,179,148.0997,-21.2337
4744,11.81,4180,147.8897,-21.9476
4745,12.36,1159,148.3448,-22.5595
4746,11.33,611,148.8266,-22.6767
4750,12.16,3443,149.1482,-21.0244
4751,13.09,2524,149.0438,-21.2027
4753,12.0,2327,148.9288,-21.1468
4754,12.86,1190,148.7877,-21.2549
4756,13.75,347,148.5982,-21.1224
4757,16.85,182,148.4787,-21.1864
4798,13.95,349,148.7512,-20.817
4799,15.61,712,148.5791,-20.7013
4800,13.64,5896,148.5231,-20.4062
4802,13.2,6587,148.9834,-20.2611
4804,14.62,997,147.4882,-20.9931
4805,13.36,6194,147.8906,-20.2152
4806,13.55,1944,147.4017,-19.8441
4807,12.63,5708,147.1972,-19.9409
4808,13.56,624,147.3503,-19.5042
4809,14.1,487,147.1386,-19.6054
4810,11.3,13712,147.026,-19.3358
4811,11.67,7207,146.815,-19.3545
4812,12.18,10743,146.7948,-19.2871
4814,11.45,25855,146.765,-19.2998
4815,12.83,11180,146.6498,-19.5284
4816,13.71,4642,145.3667,-21.0456
4817,11.36,17407,146.504,-19.4349
4818,11.55,18439,146.5461,-19.2281
4819,16.64,2091,146.8343,-19.1394
4820,13.74,4777,145.9524,-20.24
4821,12.39,624,144.1882,-20.9313
4822,12.91,307,142.9125,-20.3423
4823,11.05,316,141.0607,-20.4239
4824,12.7,1109,140.3108,-20.1131
4825,12.98,8113,138.5967,-20.5607
4829,13.0,184,139.4618,-23.7325
4830,15.28,277,138.9366,-17.8238
4849,14.78,830,145.9635,-18.3516
4850,14.16,5847,145.6807,-18.7225
4852,12.77,2425,146.0758,-17.884
4854,13.22,2747,145.8273,-17.9702
4855,14.67,442,145.8707,-17.7666
4856,13.67,397,145.9851,-17.7393
4858,13.33,740,146.0709,-17.5903
4859,14.45,261,145.9606,-17.5958
4860,12.79,5702,145.8455,-17.4401
4861,14.14,830,145.9537,-17.3098
4865,13.05,4607,145.7782,-17.1116
4868,12.07,12210,145.7443,-16.9748
4869,12.25,11056,145.7524,-17.0253
4870,11.91,43740,145.6969,-17.0105
4871,14.67,5042,143.3839,-17.9753
4872,15.81,2378,145.1499,-18.0118
4873,14.18,3825,145.2814,-16.2691
4874,14.22,2045,142.4292,-12.1224
4875,15.56,1118,142.1846,-10.6855
4876,16.2,601,142.3358,-10.9774
4877,12.7,3364,145.4943,-16.5947
4878,11.82,9209,145.7094,-16.8445
4879,11.12,13864,145.6792,-16.7826
4880,14.19,7423,145.3587,-16.9782
4881,15.06,2902,145.566,-16.834
4882,12.47,1785,145.4641,-17.1915
4883,13.42,5070,145.4997,-17.3225
4884,13.6,1297,145.6916,-17.2706
4885,13.49,2334,145.6296,-17.3907
4886,14.82,541,145.6089,-17.5275
4887,16.93,1153,145.2007,-17.4098
4888,16.45,1654,145.4323,-17.5811
4890,15.19,453,141.2465,-17.5007
4891,14.87,220,140.8727,-17.4861
4892,16.24,616,142.9311,-15.2978
4895,16.46,1863,144.9241,-15.1413
5000,6.88,19984,138.5993,-34.9259
5006,12.73,4157,138.5946,-34.9056
5007,11.74,6191,138.5689,-34.9025
5008,14.08,9602,138.5703,-34.8857
5009,13.48,3917,138.5513,-34.8921
5010,12.48,4377,138.5685,-34.8626
5011,12.93,9492,138.5351,-34.8809
5012,13.46,7351,138.5485,-34.8644
5013,13.45,8000,138.5428,-34.8426
5014,13.3,9208,138.5147,-34.8685
5015,12.82,4628,138.5082,-34.8394
5016,13.39,5964,138.4976,-34.8228
5017,15.17,3100,138.5004,-34.8036
5018,13.85,4027,138.4963,-34.783
5019,13.64,6001,138.4876,-34.8489
5020,13.13,2268,138.4859,-34.8671
5021,11.81,5106,138.4971,-34.8694
5022,12.59,11166,138.4956,-34.8987
5023,13.42,11780,138.5202,-34.8958
5024,13.27,10052,138.51,-34.9318
5025,13.26,6264,138.535,-34.9116
5031,12.41,7615,138.5668,-34.9239
5032,12.84,9467,138.5369,-34.9261
5033,11.19,7540,138.558,-34.9394
5034,11.65,7410,138.5882,-34.9549
5035,12.03,4546,138.5765,-34.9466
5037,12.28,8068,138.557,-34.9557
5038,12.97,11155,138.5507,-34.9716
5039,12.58,6484,138.5738,-34.98
5040,12.25,1556,138.5325,-34.9647
5041,13.43,8913,138.5925,-34.9874
5042,12.87,7906,138.5749,-35.0112
5043,12.75,12562,138.552,-34.9954
5044,11.59,8030,138.5259,-34.9918
5045,12.05,10794,138.5186,-34.9735
5046,12.21,6101,138.5401,-35.0079
5047,12.74,5878,138.5508,-35.0267
5048,12.19,10359,138.5265,-35.0156
5049,13.53,7123,138.5256,-35.0436
5050,14.28,4053,138.5867,-35.0258
5051,12.98,10746,138.6186,-35.0324
5052,14.28,4662,138.6388,-35.0059
5061,12.44,7298,138.6058,-34.9554
5062,12.51,11031,138.629,-34.9806
5063,11.58,8455,138.621,-34.951
5064,11.8,7199,138.6468,-34.9587
5065,11.95,7823,138.6396,-34.9379
5066,11.99,8917,138.6672,-34.944
5067,11.45,7794,138.6296,-34.9236
5068,12.27,8710,138.6534,-34.9194
5069,13.0,5910,138.6252,-34.9093
5070,12.46,10421,138.6422,-34.8965
5072,12.16,9612,138.6977,-34.9135
5073,12.5,11301,138.6802,-34.8973
5074,12.63,9513,138.67,-34.8808
5075,13.19,7944,138.6769,-34.866
5076,13.11,6896,138.704,-34.8725
5081,11.21,6870,138.615,-34.8935
5082,12.97,10503,138.5921,-34.8849
5083,12.64,5484,138.611,-34.879
5084,13.51,6794,138.5905,-34.8596
5085,11.99,16473,138.6182,-34.8539
5086,12.14,11614,138.6397,-34.861
5087,12.7,8423,138.6462,-34.8724
5088,13.27,2664,138.67,-34.8522
5089,13.1,4827,138.7113,-34.8534
5090,13.61,5390,138.6962,-34.8463
5091,14.47,5343,138.7332,-34.8223
5092,13.34,12533,138.6843,-34.8254
5093,13.49,6254,138.6619,-34.8347
5094,12.65,1322,138.5744,-34.8175
5095,11.83,14218,138.619,-34.8143
5096,13.6,9676,138.6591,-34.8028
5097,13.42,9153,138.7094,-34.8219
5098,13.51,8666,138.6436,-34.8308
5106,9.48,430,138.6333,-34.7933
5107,13.06,12155,138.6099,-34.7856
5108,14.13,26178,138.6257,-34.7599
5109,14.12,13562,138.6698,-34.7723
5110,13.64,5933,138.5699,-34.736
5111,13.54,252,138.6351,-34.7188
5112,14.78,11064,138.6714,-34.7364
5113,15.76,11005,138.6779,-34.7023
5114,13.42,23203,138.7616,-34.708
5115,13.12,9044,138.6866,-34.6532
5116,12.93,7415,138.7194,-34.628
5117,13.0,4754,138.6495,-34.6381
5118,14.17,13740,138.7319,-34.5834
5120,12.62,3273,138.5281,-34.6765
5121,13.33,1889,138.6245,-34.6739
5125,11.84,13754,138.7236,-34.7734
5126,13.92,4884,138.7261,-34.7977
5127,12.32,5260,138.6906,-34.8
5131,19.08,784,138.7647,-34.8018
5132,15.25,296,138.7651,-34.8482
5133,15.54,298,138.7923,-34.7973
5134,14.86,294,138.761,-34.8899
5136,16.3,410,138.7343,-34.9184
5137,18.08,427,138.7411,-34.9383
5138,16.15,204,138.7731,-34.9354
5139,17.63,229,138.7972,-34.9339
5140,15.32,297,138.693,-34.9498
5141,16.19,622,138.7061,-34.9348
5142,16.21,398,138.7441,-34.9606
5144,18.71,340,138.771,-34.9659
5151,16.39,343,138.738,-34.9759
5152,13.68,4770,138.7011,-34.9893
5153,15.54,4888,138.7694,-35.1088
5154,14.42,2538,138.7382,-35.0142
5155,14.18,2708,138.7646,-35.0009
5156,14.58,724,138.6772,-35.025
5157,15.29,2381,138.6564,-35.1203
5158,12.92,16892,138.5306,-35.0678
5159,12.7,24104,138.5927,-35.0732
5160,11.21,599,138.4927,-35.1076
5161,13.47,7322,138.5323,-35.0951
5162,13.99,23079,138.539,-35.116
5163,14.9,9654,138.5564,-35.1394
5164,16.88,2808,138.4969,-35.1303
5165,13.57,3873,138.4781,-35.1346
5166,15.65,1225,138.4749,-35.123
5167,13.81,4251,138.4763,-35.1568
5168,14.35,3702,138.5001,-35.1607
5169,12.52,13100,138.4816,-35.1933
5170,15.76,805,138.4791,-35.2327
5171,14.26,4418,138.566,-35.2024
5172,15.73,2899,138.5963,-35.2878
5173,14.5,8576,138.4691,-35.279
5174,15.9,2171,138.4801,-35.3334
5201,15.68,1612,138.7307,-35.207
5202,16.5,717,138.4784,-35.4036
5203,15.97,878,138.3549,-35.5369
5204,14.87,2518,138.227,-35.5641
5210,15.09,1299,138.6453,-35.3476
5211,13.73,12449,138.5281,-35.5227
5212,15.21,1537,138.6743,-35.5088
5213,13.92,940,138.7117,-35.4844
5214,14.28,7454,138.8061,-35.474
5220,17.2,161,137.2534,-35.7804
5221,18.38,371,137.7539,-35.7778
5222,17.86,840,137.9621,-35.8119
5223,15.82,2386,137.1659,-35.8298
5231,15.13,839,138.8506,-34.7673
5232,18.88,292,138.8382,-34.862
5233,16.9,1039,138.9066,-34.8094
5234,15.33,963,138.9762,-34.8166
5235,16.92,1757,139.0842,-34.697
5236,15.07,198,139.0737,-34.8673
5237,16.6,239,139.19,-34.8119
5238,17.55,3355,139.5255,-34.8459
5240,16.93,377,138.8228,-34.9272
5241,15.33,1751,138.8752,-34.8992
5242,15.02,1125,138.8253,-34.997
5243,14.54,651,138.8604,-34.9816
5244,14.37,3138,138.9585,-34.9288
5245,14.55,2236,138.8063,-35.0363
5250,12.55,2568,138.863,-35.0425
5251,12.51,14871,138.8847,-35.102
5252,13.94,4368,138.9638,-35.0471
5253,16.18,13527,139.3958,-35.1084
5254,16.77,1942,139.1543,-35.0583
5255,15.5,7409,138.9544,-35.2861
5256,18.29,1216,138.9415,-35.4295
5259,16.38,819,139.2662,-35.4828
5260,17.91,1254,139.4908,-35.2849
5261,18.45,239,139.6875,-35.4854
5262,18.94,256,140.8869,-36.8297
5263,13.27,162,140.8826,-37.2925
5264,16.37,833,139.4766,-35.8795
5265,13.35,208,139.7866,-35.7283
5266,13.51,341,139.9439,-35.9771
5267,13.65,1114,140.4108,-36.1343
5268,15.88,2338,140.7833,-36.3638
5269,17.92,130,140.9051,-36.3578
5270,15.45,337,140.5533,-36.3852
5271,15.13,4581,140.6009,-36.8429
5272,16.31,485,140.3356,-37.0787
5275,14.79,1419,139.9805,-36.7165
5276,13.85,888,139.9324,-37.2551
5277,16.38,1854,140.8239,-37.4003
5278,17.4,346,140.7031,-37.5529
5279,16.18,325,140.5374,-37.5652
5280,14.97,4768,140.3064,-37.5271
5290,14.2,16600,140.7793,-37.8253
5291,15.68,6011,140.725,-37.8604
5301,16.72,390,140.0421,-35.4211
5302,13.62,493,140.545,-35.5637
5303,16.64,112,140.6959,-35.3145
5304,16.61,607,140.8339,-35.1456
5307,16.39,335,140.0176,-35.1587
5311,19.49,235,140.6993,-34.6721
5320,17.72,534,139.5524,-33.9781
5321,19.32,291,139.7804,-34.0902
5322,18.53,617,139.9077,-34.1444
5330,16.91,2488,140.059,-34.2001
5331,17.07,191,140.3209,-34.2197
5332,17.24,282,140.2974,-34.3475
5333,15.48,3893,140.5039,-34.5045
5340,16.73,919,140.859,-34.1784
5341,16.39,5162,140.7942,-34.0567
5342,17.67,809,140.5723,-34.1906
5343,14.91,3314,140.5723,-34.3465
5344,18.38,640,140.5495,-34.2814
5345,16.64,2442,140.4528,-34.287
5346,17.02,260,140.4106,-34.2353
5350,17.89,433,138.8379,-34.575
5351,15.57,4404,138.9273,-34.6637
5352,14.75,4029,138.9428,-34.5443
5353,16.48,2832,139.3015,-34.5974
5354,23.82,345,139.691,-34.5741
5355,14.42,6283,138.9787,-34.4522
5356,19.19,608,139.259,-34.3838
5357,16.07,312,139.6561,-34.3549
5360,15.2,855,138.9145,-34.4455
5371,14.61,1256,138.7839,-34.4916
5372,13.05,1758,138.8155,-34.4455
5373,15.38,2484,138.9187,-34.3115
5374,17.13,1050,139.222,-34.1547
5381,17.63,257,139.0964,-33.9145
5400,16.42,637,138.6613,-34.451
5401,16.3,522,138.6406,-34.2637
5410,18.58,271,138.7468,-34.3481
5411,16.85,258,138.7656,-34.2551
5412,15.69,787,138.7341,-34.1548
5413,16.17,572,138.8813,-34.0383
5414,19.31,124,138.8053,-33.9899
5415,13.56,174,138.7562,-33.9122
5416,16.72,170,138.8055,-33.818
5417,17.64,950,140.1176,-33.477
5419,15.68,160,139.05,-33.3196
5422,18.35,953,138.9854,-32.8719
5431,15.39,481,138.5661,-32.6485
5433,17.27,751,138.1345,-32.3014
5434,16.31,225,138.6415,-31.5523
5440,19.26,126,140.244,-31.4675
5451,14.31,517,138.6811,-34.0361
5452,16.35,303,138.6485,-33.9686
5453,14.75,3201,138.5912,-33.8834
5454,14.73,242,138.6287,-33.4827
5460,17.52,518,138.5104,-34.2915
5461,16.0,1693,138.4023,-34.062
5462,14.7,332,138.4607,-33.8438
5464,16.73,307,138.3884,-33.6843
5472,16.44,135,138.4119,-33.3739
5473,17.18,557,138.3693,-33.2661
5480,16.66,631,138.3368,-33.1071
5481,20.5,403,138.2231,-33.01
5482,15.94,350,138.3482,-32.867
5483,12.57,183,138.193,-32.8116
5485,16.2,327,138.1298,-32.6391
5490,16.23,142,138.452,-33.1647
5491,16.57,1198,138.6057,-33.1992
5495,16.76,490,138.0091,-32.8685
5501,15.86,6735,138.3904,-34.4651
5502,16.01,1098,138.5294,-34.4696
5520,18.24,379,138.1515,-33.778
5521,16.78,118,138.2003,-33.528
5522,15.12,1059,137.9228,-33.6479
5523,14.91,1228,138.1399,-33.3806
5540,14.88,9521,138.0257,-33.2129
5550,15.71,621,138.2074,-34.1304
5552,16.82,240,137.9233,-34.0915
5554,15.16,3821,137.7792,-33.9817
5555,18.6,378,137.8154,-33.8112
5556,15.35,3073,137.667,-33.8945
5558,15.03,3930,137.6174,-34.1209
5560,15.82,299,138.01,-33.8881
5570,18.71,424,137.9486,-34.2564
5571,16.23,1333,137.8379,-34.4512
5572,21.26,169,137.7764,-34.234
5573,15.47,1452,137.6206,-34.408
5575,15.94,1596,137.6067,-34.7849
5576,15.82,684,137.6021,-35.0146
5577,16.86,380,137.2945,-35.0415
5580,15.97,224,137.7596,-34.6674
5581,13.92,373,137.8325,-34.7601
5582,16.57,417,137.7648,-34.898
5583,19.45,699,137.7181,-35.0727
5600,16.04,4164,137.5699,-33.0356
5602,16.0,866,136.9049,-33.5248
5603,16.08,282,136.225,-33.8776
5604,13.08,159,136.3174,-34.0648
5605,15.24,1211,136.0465,-34.3998
5606,15.24,8809,135.8481,-34.7277
5607,16.08,2958,135.6594,-34.2453
5608,15.49,7275,137.5324,-33.0447
5609,13.75,1306,137.506,-33.0263
5611,18.24,136,137.094,-32.9715
5631,15.36,594,135.6935,-34.26
5632,14.01,153,135.6052,-34.0635
5633,17.93,192,135.7749,-33.5346
5640,15.69,641,136.4458,-33.5663
5641,15.22,558,136.1429,-32.9939
5642,17.36,165,136.1184,-33.5499
5650,21.22,105,135.7125,-33.2427
5652,16.2,384,135.4521,-33.0194
5654,18.95,148,135.0659,-32.9855
5670,18.18,337,135.2057,-33.5126
5671,18.77,110,134.5724,-33.059
5680,17.6,1392,134.3409,-32.4114
5690,16.37,2000,131.5284,-29.998
5700,14.58,6243,137.748,-32.5985
5710,14.93,1348,137.8635,-32.5096
5722,20.47,293,137.165,-30.4536
5723,17.96,953,135.2321,-28.9566
5724,17.03,126,134.3156,-26.8884
5725,14.2,2142,136.8782,-30.4826
5731,15.95,111,139.982,-28.2025
5950,2.05,3686,138.5302,-34.9466
6000,8.87,14593,115.8617,-31.9504
6003,12.09,3123,115.8561,-31.9465
6004,8.71,10312,115.8752,-31.9496
6005,9.04,6128,115.8383,-31.9552
6006,12.14,5975,115.8514,-31.9276
6007,10.34,5847,115.8373,-31.9344
6008,10.5,11821,115.8159,-31.9519
6009,11.46,12459,115.808,-31.9816
6010,11.13,12962,115.7767,-31.9694
6011,11.62,7127,115.7605,-31.9988
6012,12.25,6321,115.7599,-32.0154
6014,11.21,15241,115.8028,-31.9364
6015,11.52,5311,115.7655,-31.9346
6016,11.68,6806,115.8331,-31.9208
6017,7.31,10295,115.8166,-31.9086
6018,11.39,28242,115.7874,-31.8916
6019,11.84,16327,115.7682,-31.9085
6020,11.78,15779,115.7664,-31.8482
6021,11.66,15868,115.8175,-31.8757
6022,13.51,3508,115.8126,-31.8509
6023,12.09,10830,115.7758,-31.8325
6024,12.81,9317,115.8047,-31.8308
6025,12.19,21889,115.7563,-31.8009
6026,11.97,15529,115.7968,-31.7991
6027,12.23,29444,115.7608,-31.7549
6028,10.82,16154,115.7327,-31.7265
6029,11.84,2050,115.7577,-31.8754
6030,12.06,25705,115.7162,-31.683
6031,11.59,12042,115.7756,-31.6891
6032,15.63,187,115.7574,-31.6396
6033,15.2,382,115.7215,-31.5964
6034,10.76,3443,115.6686,-31.5841
6035,12.25,7130,115.7382,-31.525
6036,11.15,10830,115.6952,-31.6419
6037,14.05,2771,115.6166,-31.4854
6038,10.22,7366,115.6859,-31.6143
6041,15.98,1223,115.5716,-31.3611
6043,16.75,247,115.4653,-31.179
6044,16.97,952,115.3649,-30.9293
6050,12.13,10452,115.8693,-31.9267
6051,11.19,10038,115.8956,-31.9295
6052,12.02,7935,115.8846,-31.9127
6053,12.15,11471,115.9179,-31.9157
6054,12.55,15257,115.946,-31.8973
6055,11.43,25483,115.9857,-31.8675
6056,13.79,29898,116.0412,-31.8562
6057,13.8,11448,116.0133,-31.951
6058,13.37,9326,116.0069,-31.9842
6059,11.92,17076,115.8722,-31.8894
6060,11.68,17197,115.8463,-31.9024
6061,12.9,26902,115.8501,-31.8641
6062,12.68,24687,115.9066,-31.8848
6063,13.24,10468,115.9408,-31.864
6064,14.06,20211,115.8511,-31.8336
6065,11.33,49857,115.8255,-31.7717
6066,13.38,12263,115.8951,-31.8405
6069,11.72,30909,116.0269,-31.7691
6070,13.96,2748,116.0826,-31.9307
6071,15.47,2572,116.1003,-31.889
6072,14.9,643,116.1326,-31.9176
6073,14.77,2349,116.1633,-31.9227
6074,16.9,751,116.2532,-31.9613
6076,14.72,16485,116.1484,-32.0136
6077,16.58,1509,115.8627,-31.7552
6078,18.07,670,115.8328,-31.633
6081,14.85,3493,116.1494,-31.8632
6082,15.53,2258,116.3101,-31.7403
6083,17.1,2841,116.2423,-31.7106
6084,15.02,6906,116.0685,-31.592
6090,8.52,2546,115.8954,-31.8589
6100,10.32,13194,115.8968,-31.9694
6101,12.08,11460,115.9114,-31.9834
6102,11.82,11007,115.9062,-32.0012
6103,11.65,7422,115.9151,-31.9598
6104,11.53,12221,115.9331,-31.9399
6105,7.51,21992,115.9641,-31.9571
6106,6.39,4828,115.9411,-31.9935
6107,12.45,35636,115.962,-32.0179
6108,13.48,15874,115.9546,-32.0595
6109,13.1,11127,116.0142,-32.0431
6110,12.95,30071,116.0008,-32.0864
6111,14.59,16472,116.1733,-32.1598
6112,12.33,47917,116.0046,-32.163
6121,15.33,2465,115.925,-32.2354
6122,12.72,14801,116.0458,-32.2431
6123,15.69,1593,115.9913,-32.2739
6124,16.47,797,116.1398,-32.3555
6125,15.87,2470,115.9581,-32.3671
6126,17.73,187,116.0313,-32.4372
6147,13.31,10469,115.9311,-32.0409
6148,11.99,13148,115.8923,-32.0354
6149,11.78,13116,115.8646,-32.0694
6150,11.39,9104,115.8371,-32.0577
6151,11.25,12532,115.8766,-31.9854
6152,11.32,17271,115.873,-32.007
6153,10.93,16264,115.8422,-32.0277
6154,10.9,8164,115.8261,-32.0387
6155,11.18,37432,115.9101,-32.0719
6156,10.98,13247,115.8039,-32.0384
6157,11.99,9508,115.7857,-32.0376
6158,12.25,5295,115.7701,-32.039
6159,12.0,2814,115.7518,-32.0321
6160,12.54,7296,115.7642,-32.0529
6162,13.37,7821,115.7653,-32.0683
6163,12.87,39317,115.8002,-32.087
6164,11.45,45711,115.8592,-32.133
6165,12.54,209,115.7991,-32.1965
6166,12.93,7805,115.7902,-32.1524
6167,13.53,18270,115.8342,-32.2234
6168,13.4,16486,115.7596,-32.2811
6169,13.59,22272,115.7567,-32.3244
6170,11.77,11291,115.8308,-32.2666
6171,11.18,25182,115.8302,-32.3291
6172,12.71,8165,115.7497,-32.3727
6173,11.12,7571,115.7576,-32.4058
6174,12.3,3751,115.7603,-32.4249
6175,12.75,2638,115.7576,-32.444
6176,13.81,1443,115.7946,-32.4174
6180,12.0,4716,115.773,-32.4835
6181,15.46,419,115.794,-32.4768
6207,16.07,1131,116.0482,-32.5182
6208,14.33,9096,115.8622,-32.654
6209,16.49,1526,115.7871,-32.546
6210,12.85,51383,115.7492,-32.5237
6211,13.03,6303,115.646,-32.7192
6213,16.77,420,116.1115,-32.6776
6214,16.28,500,115.8184,-32.7561
6215,16.0,3140,115.9199,-32.8574
6218,16.16,410,115.8681,-32.9575
6219,19.62,194,115.8616,-32.9997
6220,14.36,3225,115.9521,-33.0311
6221,18.0,188,115.9875,-33.1587
6223,17.06,139,115.8444,-33.1808
6224,14.94,800,115.8626,-33.2319
6225,15.51,5372,116.2779,-33.3879
6226,16.69,742,115.8663,-33.2938
6227,14.32,548,115.8355,-33.3322
6228,22.16,114,115.7626,-33.3275
6229,11.84,363,115.7163,-33.3428
6230,12.96,30425,115.65,-33.3784
6232,12.96,7126,115.7178,-33.313
6233,13.1,13650,115.7285,-33.2068
6236,15.38,1578,115.8619,-33.4355
6237,14.74,1773,115.6738,-33.5059
6239,16.27,3262,115.8916,-33.5937
6244,17.53,966,116.5867,-33.9226
6251,18.97,248,115.8723,-33.7249
6253,16.97,506,115.985,-33.8061
6254,17.8,391,116.0428,-33.8483
6255,16.17,2978,116.2336,-33.8706
6256,14.61,177,116.1994,-34.0658
6258,15.19,3746,116.3505,-34.3427
6260,14.94,860,115.8549,-34.4177
6262,17.06,458,116.2314,-34.6847
6271,15.42,2440,115.5931,-33.5861
6275,17.93,944,115.65,-34.0335
6280,13.63,21388,115.3026,-33.7203
6281,13.23,6516,115.0799,-33.615
6282,15.08,1202,115.0501,-33.6878
6284,14.43,2081,115.3167,-33.8619
6285,15.25,7738,115.2809,-33.9995
6286,16.12,906,115.0917,-34.083
6288,15.79,424,115.2191,-34.2053
6290,16.1,1437,115.1293,-34.2796
6302,16.63,2616,116.6757,-31.9884
6304,17.0,1111,116.9118,-32.1654
6306,16.15,607,117.1087,-32.3505
6308,15.63,1041,117.0161,-32.575
6309,15.83,227,117.1446,-32.6549
6311,14.5,328,117.1665,-32.7822
6312,15.32,2699,117.3441,-32.9505
6313,13.83,109,117.2123,-33.0861
6315,17.01,1172,117.3443,-33.2757
6316,14.7,268,117.3891,-33.5284
6317,15.71,2355,117.7015,-33.6088
6318,16.49,290,117.6171,-33.878
6320,16.48,411,117.6984,-34.1041
6321,14.06,280,117.4839,-34.2486
6322,19.36,163,117.4352,-34.3958
6323,18.09,691,117.5915,-34.4784
6324,16.09,2456,117.6649,-34.6105
6326,17.15,321,117.7122,-34.7733
6327,15.83,210,117.6119,-34.8861
6328,15.24,271,118.4431,-34.6119
6330,14.96,25377,117.8373,-34.9358
6333,14.96,4159,117.1188,-34.8908
6335,13.49,467,118.0761,-33.9259
6336,13.05,165,118.571,-33.965
6337,14.13,291,119.1217,-33.9607
6338,17.82,505,118.458,-34.3195
6341,13.06,137,118.1733,-33.5579
6343,16.89,154,118.7872,-33.5466
6346,16.4,426,119.8765,-33.7349
6348,16.23,535,120.088,-33.8581
6350,15.32,225,117.8062,-33.3043
6352,16.19,142,118.1254,-33.2034
6353,16.26,496,118.5578,-33.0565
6355,15.34,351,119.2986,-33.032
6359,14.58,252,119.4564,-32.446
6365,14.82,335,118.1924,-32.6901
6367,15.25,216,118.3232,-32.4296
6369,14.1,399,118.7499,-32.0506
6370,15.03,348,117.6095,-32.7676
6375,13.3,585,117.8874,-32.3209
6383,14.59,590,117.3965,-32.0092
6390,15.0,1061,116.4016,-32.6735
6391,15.34,529,116.7161,-33.0547
6392,15.78,300,116.7642,-33.3505
6394,18.81,164,116.9255,-33.76
6395,15.12,1088,117.1279,-33.9575
6396,15.5,234,116.9677,-34.3384
6398,15.11,361,116.5978,-34.8123
6401,14.73,4772,116.7334,-31.5702
6403,16.99,170,116.8152,-31.6398
6405,17.22,202,117.0307,-31.5862
6407,14.59,555,117.2416,-31.6097
6409,15.96,298,117.4956,-31.608
6410,17.77,681,117.7313,-31.6366
6415,15.15,1578,118.3211,-31.574
6418,15.6,464,118.1689,-31.8412
6421,15.18,102,118.5328,-31.4974
6423,15.91,117,118.7499,-31.0998
6426,16.26,407,119.5427,-31.5637
6429,16.6,445,120.6718,-31.0814
6430,13.41,12252,121.4574,-30.7237
6432,15.31,3688,121.4909,-30.7815
6437,11.91,138,120.5924,-27.9091
6438,13.54,257,121.459,-28.3843
6440,14.62,139,125.4017,-27.8911
6442,15.43,1241,121.6353,-31.2031
6443,17.41,385,124.2437,-31.9781
6445,13.92,120,121.0881,-32.9141
6447,12.52,120,121.8819,-33.3812
6448,17.01,204,121.8256,-33.6247
6450,15.85,7989,121.7362,-33.5899
6460,13.78,442,116.805,-31.2471
6461,14.46,330,117.045,-31.1121
6468,14.21,151,117.2359,-30.1009
6472,16.17,103,117.9883,-30.0007
6475,16.94,265,117.4504,-30.6399
6477,15.35,163,117.9334,-30.7733
6479,16.21,343,118.3972,-30.6519
6485,15.64,304,117.4528,-31.1936
6488,16.97,112,117.7892,-31.1553
6490,18.44,156,118.2084,-31.1496
6501,14.62,661,115.9264,-31.5573
6502,15.57,910,116.1793,-31.3282
6503,15.84,1763,115.7922,-31.2107
6505,11.89,112,116.1438,-31.1618
6507,14.43,357,115.6306,-30.7317
6510,15.12,1109,116.0875,-30.7043
6511,17.21,371,115.0731,-30.5009
6513,12.92,106,116.1401,-30.2223
6514,17.48,463,115.0275,-30.0226
6515,17.57,202,115.9263,-29.996
6516,15.05,1462,115.101,-30.2808
6517,13.12,269,115.8837,-29.7245
6518,16.43,136,115.2862,-29.915
6519,16.32,319,115.5779,-29.5258
6521,14.36,206,115.4707,-30.3709
6522,14.58,270,115.4851,-29.1579
6525,14.37,2193,115.0916,-29.3273
6528,14.36,299,114.8481,-28.9748
6530,13.61,19815,114.6523,-28.7331
6532,13.35,4358,114.7566,-27.4539
6535,14.74,842,114.5207,-28.1999
6536,15.14,911,114.3208,-27.5458
6537,18.64,475,113.8151,-26.3031
6556,16.88,1557,116.3297,-31.9187
6558,15.64,593,116.3214,-31.8054
6560,15.48,1000,116.3723,-31.7515
6562,15.19,888,116.4536,-31.8149
6564,16.87,275,116.5251,-31.7062
6566,16.59,2567,116.4771,-31.505
6567,18.19,210,116.2672,-31.4657
6568,14.65,141,116.5058,-31.2473
6569,13.89,197,116.4274,-31.0727
6575,19.45,120,116.3779,-30.4193
6603,15.12,634,116.7289,-30.9037
6606,15.44,130,116.7812,-30.5692
6609,14.61,522,116.7367,-30.2447
6612,17.66,114,117.4093,-29.2628
6620,14.45,154,116.6698,-29.3843
6623,13.56,320,116.1614,-29.1726
6630,15.58,284,115.9155,-26.8803
6638,16.68,250,117.9765,-28.238
6642,15.98,282,118.8641,-25.1399
6646,14.8,111,122.2451,-25.312
6701,15.5,2485,114.472,-24.6109
6707,16.55,1652,114.1995,-22.507
6710,14.55,404,115.2143,-22.4404
6713,15.47,711,116.8732,-20.3839
6714,12.64,8995,117.0406,-21.0615
6716,12.14,272,116.7785,-21.7667
6718,13.13,351,117.1727,-20.7597
6720,13.73,1182,117.1657,-20.6644
6721,12.6,2291,118.455,-20.689
6722,13.03,5260,119.0191,-20.3242
6725,14.65,5565,122.4745,-18.6525
6726,14.16,2208,122.2064,-17.9533
6728,14.68,1334,124.8797,-17.8513
6740,16.54,268,126.3974,-15.0364
6743,13.43,2485,127.6544,-16.1998
6751,13.13,1319,117.2678,-22.7575
6753,13.41,1997,119.9333,-22.9608
6754,13.36,624,117.6945,-23.1933
6760,28.86,159,119.6788,-21.1555
6765,12.54,359,124.878,-17.9565
6770,15.38,421,127.5941,-19.2265
7000,8.26,17182,147.3147,-42.8775
7004,12.91,4621,147.2877,-42.8968
7005,12.71,8627,147.333,-42.9104
7007,12.77,2172,147.3198,-42.9221
7008,12.56,8222,147.2866,-42.8672
7009,13.53,8884,147.2943,-42.8448
7010,14.16,11224,147.2599,-42.8383
7011,14.25,9621,147.2291,-42.7945
7012,17.12,595,147.1798,-42.8347
7015,12.44,7129,147.3612,-42.8377
7016,15.77,1489,147.3707,-42.8059
7017,13.74,4232,147.3298,-42.7223
7018,12.71,14894,147.3963,-42.8732
7019,13.71,4826,147.4391,-42.8948
7020,14.76,1769,147.4923,-42.9692
7021,13.76,1626,147.4866,-42.9092
7022,14.73,635,147.4338,-43.0262
7023,13.88,293,147.4111,-42.994
7024,13.95,323,147.5281,-42.9527
7025,14.6,1279,147.4147,-42.741
7026,16.44,691,147.4375,-42.6165
7027,18.09,230,147.36,-42.5235
7030,15.43,11435,147.0299,-42.2723
7050,12.77,9654,147.2959,-42.9654
7052,12.91,4853,147.3188,-43.0058
7053,13.59,2334,147.3402,-42.9501
7054,14.21,5848,147.1913,-42.9492
7055,13.08,364,147.2971,-43.0044
7109,15.17,6152,146.9298,-42.9888
7112,15.52,2334,147.1342,-43.1714
7113,16.21,808,146.9829,-43.0822
7116,15.65,1537,146.0796,-42.8314
7117,16.63,546,147.0148,-43.2958
7120,16.43,1187,147.5041,-42.3251
7140,15.93,7042,146.5341,-42.3946
7150,15.74,2199,147.2932,-43.3321
7155,15.11,628,147.2314,-43.1265
7162,14.6,451,147.2172,-43.165
7163,13.33,288,147.2361,-43.2194
7170,9.05,6575,147.4593,-42.8396
7171,13.35,2372,147.5,-42.7677
7172,14.11,2993,147.6358,-42.7331
7173,15.58,4890,147.677,-42.8381
7174,16.59,124,147.777,-42.8296
7175,17.98,143,147.8617,-42.7663
7176,16.82,117,147.7919,-42.7632
7177,15.54,321,147.9063,-42.8907
7178,16.41,264,147.913,-42.9433
7179,15.75,293,147.9109,-43.0069
7180,17.28,150,147.8637,-43.0603
7182,16.78,195,147.9002,-43.1311
7184,17.09,588,147.7353,-43.1266
7186,15.75,153,147.6869,-43.0102
7187,17.2,105,147.8165,-43.079
7190,15.26,2284,147.8919,-42.3676
7209,16.26,265,147.6241,-42.1228
7210,14.23,668,147.5985,-41.9551
7211,14.42,150,147.4386,-41.7701
7212,8.64,2549,147.488,-41.5643
7213,15.39,160,147.8653,-41.795
7214,17.49,482,147.8997,-41.5243
7215,16.17,2637,148.2229,-41.7547
7216,16.18,2397,148.1108,-41.2752
7248,14.62,9527,147.146,-41.3888
7249,13.1,8674,147.1664,-41.4744
7250,12.82,33086,147.1389,-41.4468
7252,14.44,2139,147.043,-41.1442
7253,15.6,3212,146.8925,-41.0957
7254,18.81,345,147.2215,-41.1251
7255,17.75,686,148.0652,-40.01
7256,17.65,887,143.9865,-39.863
7258,13.6,612,147.2481,-41.51
7259,17.86,276,147.3917,-41.3628
7260,15.0,2009,147.5191,-41.1578
7261,18.27,154,147.738,-41.1423
7262,14.98,1171,147.5366,-40.9753
7263,16.56,369,147.7219,-41.2738
7264,17.07,400,148.0468,-41.0064
7265,16.56,146,147.8181,-41.034
7267,16.41,492,147.1323,-41.2634
7268,15.15,640,147.22,-41.2897
7270,15.8,2940,146.7873,-41.1784
7275,15.01,2232,146.8114,-41.3114
7276,14.52,430,146.9631,-41.2797
7277,13.0,4504,146.994,-41.3718
7290,12.75,1475,147.0621,-41.5098
7291,14.41,469,147.0183,-41.5419
7292,16.4,367,146.934,-41.4716
7300,13.25,2459,147.2272,-41.6317
7301,14.21,3053,147.1004,-41.6106
7302,15.14,1048,147.0658,-41.7729
7303,16.17,2078,146.8318,-41.5333
7304,15.51,3911,146.4896,-41.7284
7305,17.35,742,146.4296,-41.3548
7306,15.82,2640,146.0612,-41.6094
7307,13.47,7604,146.5472,-41.2375
7310,13.92,18439,146.2107,-41.3255
7315,13.82,9962,146.0526,-41.318
7316,13.69,4094,145.9741,-41.2187
7320,13.79,10419,145.8988,-41.0751
7321,14.89,3111,145.5989,-41.3839
7322,13.63,2530,145.8011,-41.057
7325,14.45,5628,145.6056,-41.0917
7330,14.56,3703,144.9407,-40.9452
7331,13.0,318,145.2727,-40.7622
7467,16.71,948,145.5456,-42.0774
7468,13.74,380,145.3754,-42.1645
7469,17.22,445,145.2799,-41.5719
7470,16.53,356,145.5315,-41.7905
